reaction_id,cluster_id
MARTS_RXN_a01ec6b926871a43,C10_GPP_like::MARTS_RXN_a01ec6b926871a43
MARTS_RXN_6705f601fdae1316,C20_GGPP_like::MARTS_RXN_6705f601fdae1316
MARTS_RXN_18c5284114d254b8,C30_long_prenyl_like::MARTS_RXN_18c5284114d254b8
MARTS_RXN_6340c14d4e7c6736,C20_GGPP_like::MARTS_RXN_2f18d5d70489a2db
MARTS_RXN_2f18d5d70489a2db,C20_GGPP_like::MARTS_RXN_2f18d5d70489a2db
MARTS_RXN_9710b471174e59ab,C20_GGPP_like::MARTS_RXN_9710b471174e59ab
MARTS_RXN_035143e0b4ac708f,C20_GGPP_like::MARTS_RXN_035143e0b4ac708f
MARTS_RXN_527c95b7d526f626,C20_GGPP_like::MARTS_RXN_29704a84d49c8b3b
MARTS_RXN_f46d2670946d0647,C20_GGPP_like::MARTS_RXN_035143e0b4ac708f
MARTS_RXN_81d5aee1c089bc90,C20_GGPP_like::MARTS_RXN_78399ec4fc85c2fe
MARTS_RXN_d3c3b5b936c0676b,C20_GGPP_like::MARTS_RXN_d3c3b5b936c0676b
MARTS_RXN_6029eb5c9a034ccf,C20_GGPP_like::MARTS_RXN_6029eb5c9a034ccf
MARTS_RXN_7c41968d1cff8894,C20_GGPP_like::MARTS_RXN_7c41968d1cff8894
MARTS_RXN_d72149a152c41322,C20_GGPP_like::MARTS_RXN_78399ec4fc85c2fe
MARTS_RXN_480dcc05c3350db6,C20_GGPP_like::MARTS_RXN_480dcc05c3350db6
MARTS_RXN_1c7381e699705583,C20_GGPP_like::MARTS_RXN_1c7381e699705583
MARTS_RXN_0216267ce7f463bf,C20_GGPP_like::MARTS_RXN_0216267ce7f463bf
MARTS_RXN_79368a2476ac3bf7,C20_GGPP_like::MARTS_RXN_0216267ce7f463bf
MARTS_RXN_29bbf964d264af82,C20_GGPP_like::MARTS_RXN_29bbf964d264af82
MARTS_RXN_4fcf7c82c3339eec,C20_GGPP_like::MARTS_RXN_0216267ce7f463bf
MARTS_RXN_23b0ccdf525591f4,C20_GGPP_like::MARTS_RXN_23b0ccdf525591f4
MARTS_RXN_7b0cfb7bb82c4ca3,C20_GGPP_like::MARTS_RXN_29bbf964d264af82
MARTS_RXN_3abc72608e40ec3b,C20_GGPP_like::MARTS_RXN_0216267ce7f463bf
MARTS_RXN_6f6c259f1e28cb80,C20_GGPP_like::MARTS_RXN_2f18d5d70489a2db
MARTS_RXN_dbc26311dec1c4a3,C20_GGPP_like::MARTS_RXN_9710b471174e59ab
MARTS_RXN_9f7a5b7e54860109,C20_GGPP_like::MARTS_RXN_0e08d025745c0527
MARTS_RXN_adce19f1dd817e77,C20_GGPP_like::MARTS_RXN_adce19f1dd817e77
MARTS_RXN_78399ec4fc85c2fe,C20_GGPP_like::MARTS_RXN_78399ec4fc85c2fe
MARTS_RXN_99de587742ff006a,C30_long_prenyl_like::MARTS_RXN_4c4ba4bc054979a2
MARTS_RXN_c4cfcdfee60d6644,C15_FPP_like::MARTS_RXN_c4cfcdfee60d6644
MARTS_RXN_8fcc21e7d25a0888,C20_GGPP_like::MARTS_RXN_5e756bc9af8160fa
MARTS_RXN_5e756bc9af8160fa,C20_GGPP_like::MARTS_RXN_5e756bc9af8160fa
MARTS_RXN_57376f32fc6f0917,C20_GGPP_like::MARTS_RXN_57376f32fc6f0917
MARTS_RXN_780334b3fd258727,C20_GGPP_like::MARTS_RXN_29704a84d49c8b3b
MARTS_RXN_69100385edd07ec4,C20_GGPP_like::MARTS_RXN_69100385edd07ec4
MARTS_RXN_3656de9bcbb16208,C20_GGPP_like::MARTS_RXN_29704a84d49c8b3b
MARTS_RXN_4ce3a310c2be76cb,C20_GGPP_like::MARTS_RXN_29704a84d49c8b3b
MARTS_RXN_ca54c73f0f6a6fc0,C20_GGPP_like::MARTS_RXN_ca54c73f0f6a6fc0
MARTS_RXN_1ec0e0c1ca7b6259,C20_GGPP_like::MARTS_RXN_00588b0f0a754835
MARTS_RXN_b89583d7f0d90b88,C20_GGPP_like::MARTS_RXN_b89583d7f0d90b88
MARTS_RXN_8900066556908bc8,C10_GPP_like::MARTS_RXN_8900066556908bc8
MARTS_RXN_10ad51343f41913b,C10_GPP_like::MARTS_RXN_10ad51343f41913b
MARTS_RXN_55f4259a8324fd93,C40_long_prenyl_like::MARTS_RXN_55f4259a8324fd93
MARTS_RXN_e7770b1f70c76223,C40_long_prenyl_like::MARTS_RXN_55f4259a8324fd93
MARTS_RXN_df06835b65dd8073,C30_long_prenyl_like::MARTS_RXN_df06835b65dd8073
MARTS_RXN_87203dec8e34c9ec,C30_long_prenyl_like::MARTS_RXN_87203dec8e34c9ec
MARTS_RXN_412a1f752827b429,C30_long_prenyl_like::MARTS_RXN_23432a8b720a855c
MARTS_RXN_78f709de4b7cf2ac,C30_long_prenyl_like::MARTS_RXN_23432a8b720a855c
MARTS_RXN_de164cb3f0e10ea4,C40_long_prenyl_like::MARTS_RXN_de164cb3f0e10ea4
MARTS_RXN_01575cdc595e4696,C35_long_prenyl_like::MARTS_RXN_01575cdc595e4696
MARTS_RXN_3c1616b3dda5ea0d,C35_long_prenyl_like::MARTS_RXN_3c1616b3dda5ea0d
MARTS_RXN_23432a8b720a855c,C30_long_prenyl_like::MARTS_RXN_23432a8b720a855c
MARTS_RXN_5d0b82c829ed8a97,C30_long_prenyl_like::MARTS_RXN_5d0b82c829ed8a97
MARTS_RXN_75ed7768b60ccdf3,C30_long_prenyl_like::MARTS_RXN_75ed7768b60ccdf3
MARTS_RXN_be6b5f072ef7529c,C30_long_prenyl_like::MARTS_RXN_be6b5f072ef7529c
MARTS_RXN_92f6ef4d14a56943,C35_long_prenyl_like::MARTS_RXN_92f6ef4d14a56943
MARTS_RXN_fdb89d6b0d0dd89f,C25_GFPP_like::MARTS_RXN_2554ee320331a2bb
MARTS_RXN_2554ee320331a2bb,C25_GFPP_like::MARTS_RXN_2554ee320331a2bb
MARTS_RXN_280ce4f33ee48fa8,C25_GFPP_like::MARTS_RXN_280ce4f33ee48fa8
MARTS_RXN_2a8513f7b1f9b3aa,C25_GFPP_like::MARTS_RXN_2a8513f7b1f9b3aa
MARTS_RXN_a40190329c758c7f,C25_GFPP_like::MARTS_RXN_2a8513f7b1f9b3aa
MARTS_RXN_eddada43cb766fb4,C25_GFPP_like::MARTS_RXN_eddada43cb766fb4
MARTS_RXN_f3ed30187499b84b,C25_GFPP_like::MARTS_RXN_6cb73ebd30231f0f
MARTS_RXN_247c337c8f6561fa,C25_GFPP_like::MARTS_RXN_247c337c8f6561fa
MARTS_RXN_0e80c1eb7cd88556,C25_GFPP_like::MARTS_RXN_0e80c1eb7cd88556
MARTS_RXN_b3860010df2b771f,C25_GFPP_like::MARTS_RXN_b3860010df2b771f
MARTS_RXN_3fcdccf20787302c,C25_GFPP_like::MARTS_RXN_3fcdccf20787302c
MARTS_RXN_7160470e8992848a,C25_GFPP_like::MARTS_RXN_033964ff02d82d4e
MARTS_RXN_5e033dc8337a67f2,C25_GFPP_like::MARTS_RXN_3bed24cf1ac1aa2f
MARTS_RXN_c33f8bcece70aea3,C25_GFPP_like::MARTS_RXN_3bed24cf1ac1aa2f
MARTS_RXN_9c359e8d58c70d61,C25_GFPP_like::MARTS_RXN_033964ff02d82d4e
MARTS_RXN_bac5b3b4b30df15d,C25_GFPP_like::MARTS_RXN_8b03f1de5fceaefb
MARTS_RXN_8b03f1de5fceaefb,C25_GFPP_like::MARTS_RXN_8b03f1de5fceaefb
MARTS_RXN_9927ff5db9e4a239,C25_GFPP_like::MARTS_RXN_76627c4c8e958b6b
MARTS_RXN_8c6cae136e8be45f,C25_GFPP_like::MARTS_RXN_66c7e35bfd6ad52c
MARTS_RXN_3bed24cf1ac1aa2f,C25_GFPP_like::MARTS_RXN_3bed24cf1ac1aa2f
MARTS_RXN_5c2828b66ca05388,C25_GFPP_like::MARTS_RXN_5c2828b66ca05388
MARTS_RXN_babe193a9f21e23b,C25_GFPP_like::MARTS_RXN_babe193a9f21e23b
MARTS_RXN_c9b279de04421c5d,C25_GFPP_like::MARTS_RXN_babe193a9f21e23b
MARTS_RXN_66c7e35bfd6ad52c,C25_GFPP_like::MARTS_RXN_66c7e35bfd6ad52c
MARTS_RXN_4abf2f089372495a,C25_GFPP_like::MARTS_RXN_4abf2f089372495a
MARTS_RXN_8551b0818261b1a3,C25_GFPP_like::MARTS_RXN_055064ae05a5ffc0
MARTS_RXN_90bccccecf9cfb07,C25_GFPP_like::MARTS_RXN_90bccccecf9cfb07
MARTS_RXN_6cb73ebd30231f0f,C25_GFPP_like::MARTS_RXN_6cb73ebd30231f0f
MARTS_RXN_4ceba15356bf3b90,C25_GFPP_like::MARTS_RXN_4ceba15356bf3b90
MARTS_RXN_fa0e122a530ffc89,C25_GFPP_like::MARTS_RXN_76627c4c8e958b6b
MARTS_RXN_76627c4c8e958b6b,C25_GFPP_like::MARTS_RXN_76627c4c8e958b6b
MARTS_RXN_54f511ec76329856,C25_GFPP_like::MARTS_RXN_54f511ec76329856
MARTS_RXN_27964350d2e04d49,C25_GFPP_like::MARTS_RXN_0e80c1eb7cd88556
MARTS_RXN_a1bdb236418d6df7,C25_GFPP_like::MARTS_RXN_a1bdb236418d6df7
MARTS_RXN_055064ae05a5ffc0,C25_GFPP_like::MARTS_RXN_055064ae05a5ffc0
MARTS_RXN_f12698751b7a845b,C25_GFPP_like::MARTS_RXN_247c337c8f6561fa
MARTS_RXN_aaa305f17a3010cd,C25_GFPP_like::MARTS_RXN_3bed24cf1ac1aa2f
MARTS_RXN_6cb70f33ff8f2598,C25_GFPP_like::MARTS_RXN_6cb70f33ff8f2598
MARTS_RXN_847847d0fdd7c666,C25_GFPP_like::MARTS_RXN_847847d0fdd7c666
MARTS_RXN_95048e61f00d66c0,C25_GFPP_like::MARTS_RXN_95048e61f00d66c0
MARTS_RXN_d91651d1ef35b667,C25_GFPP_like::MARTS_RXN_d91651d1ef35b667
MARTS_RXN_8b23f9ebbcd45812,C25_GFPP_like::MARTS_RXN_3bed24cf1ac1aa2f
MARTS_RXN_71aa03bcb508917c,C25_GFPP_like::MARTS_RXN_71aa03bcb508917c
MARTS_RXN_5834b8bc5c28c360,C25_GFPP_like::MARTS_RXN_5834b8bc5c28c360
MARTS_RXN_ecb0de88d8e06b4c,C25_GFPP_like::MARTS_RXN_033964ff02d82d4e
MARTS_RXN_86983edabe8ca28b,C25_GFPP_like::MARTS_RXN_033964ff02d82d4e
MARTS_RXN_033964ff02d82d4e,C25_GFPP_like::MARTS_RXN_033964ff02d82d4e
MARTS_RXN_eec1da2d17062901,C25_GFPP_like::MARTS_RXN_033964ff02d82d4e
MARTS_RXN_90222bd6d2549cad,C25_GFPP_like::MARTS_RXN_033964ff02d82d4e
MARTS_RXN_4016ec72d95af8ca,C25_GFPP_like::MARTS_RXN_3bed24cf1ac1aa2f
MARTS_RXN_c82f9ce748cd25cd,C25_GFPP_like::MARTS_RXN_033964ff02d82d4e
MARTS_RXN_16e609c93e52c631,C25_GFPP_like::MARTS_RXN_0e80c1eb7cd88556
MARTS_RXN_b72409fe507d2e20,C25_GFPP_like::MARTS_RXN_2d4d4df1341bbfa9
MARTS_RXN_2d4d4df1341bbfa9,C25_GFPP_like::MARTS_RXN_2d4d4df1341bbfa9
MARTS_RXN_66d9eb264140e204,C25_GFPP_like::MARTS_RXN_66d9eb264140e204
MARTS_RXN_adaa04b0745b6675,C25_GFPP_like::MARTS_RXN_adaa04b0745b6675
MARTS_RXN_e778d2d951ff1345,C20_GGPP_like::MARTS_RXN_e778d2d951ff1345
MARTS_RXN_380c83705f05e5c5,C20_GGPP_like::MARTS_RXN_0d6dcf3090a1cf2e
MARTS_RXN_baa96a7e0621b577,C20_GGPP_like::MARTS_RXN_56f1be1c880d5e55
MARTS_RXN_df3107f9c1032e3d,C20_GGPP_like::MARTS_RXN_df3107f9c1032e3d
MARTS_RXN_c29f1cca3044ee37,C20_GGPP_like::MARTS_RXN_c29f1cca3044ee37
MARTS_RXN_4f0796dda836bdc5,C20_GGPP_like::MARTS_RXN_4f0796dda836bdc5
MARTS_RXN_efd2739d909f2991,C20_GGPP_like::MARTS_RXN_4fba5e08211844e3
MARTS_RXN_769df5ece0f33f46,C20_GGPP_like::MARTS_RXN_4fba5e08211844e3
MARTS_RXN_66951c0e7ed9196f,C20_GGPP_like::MARTS_RXN_4fba5e08211844e3
MARTS_RXN_70b365bf61f0e7ea,C20_GGPP_like::MARTS_RXN_4fba5e08211844e3
MARTS_RXN_4959109219e54711,C20_GGPP_like::MARTS_RXN_4959109219e54711
MARTS_RXN_318de1e2f8806642,C20_GGPP_like::MARTS_RXN_318de1e2f8806642
MARTS_RXN_fd49ae10b01dfae9,C20_GGPP_like::MARTS_RXN_4959109219e54711
MARTS_RXN_cda281fba2bde3f9,C20_GGPP_like::MARTS_RXN_193d44981939312b
MARTS_RXN_193d44981939312b,C20_GGPP_like::MARTS_RXN_193d44981939312b
MARTS_RXN_bf12f5d59166518d,C20_GGPP_like::MARTS_RXN_1d852b407f95b2b1
MARTS_RXN_a3e15b2ae79d1153,C20_GGPP_like::MARTS_RXN_a330ce4c40995688
MARTS_RXN_d1d507ef878dbc29,C20_GGPP_like::MARTS_RXN_d1d507ef878dbc29
MARTS_RXN_accbb7c49b4731b0,C20_GGPP_like::MARTS_RXN_561d9f61c555bf15
MARTS_RXN_324ed07f2f6e2223,C20_GGPP_like::MARTS_RXN_2f18d5d70489a2db
MARTS_RXN_2d848cafa6c3ce23,C20_GGPP_like::MARTS_RXN_2d848cafa6c3ce23
MARTS_RXN_029b92fe95def7ba,C20_GGPP_like::MARTS_RXN_029b92fe95def7ba
MARTS_RXN_0429f79d54e93205,C20_GGPP_like::MARTS_RXN_0429f79d54e93205
MARTS_RXN_bbce0c9a00867f6f,C20_GGPP_like::MARTS_RXN_00588b0f0a754835
MARTS_RXN_0fa82c3b7c55ea30,C20_GGPP_like::MARTS_RXN_0fa82c3b7c55ea30
MARTS_RXN_9864ce62f34c27cb,C20_GGPP_like::MARTS_RXN_9864ce62f34c27cb
MARTS_RXN_c7f62ba677aef5ac,C20_GGPP_like::MARTS_RXN_6b2dcf26c8922a57
MARTS_RXN_be324f8633fc718b,C20_GGPP_like::MARTS_RXN_0feaca316b3fb310
MARTS_RXN_a78f2392f8c21c04,C20_GGPP_like::MARTS_RXN_6b2dcf26c8922a57
MARTS_RXN_86ce128d7d61cd1d,C20_GGPP_like::MARTS_RXN_0b0f5e083f773cac
MARTS_RXN_4d9779092922e63a,C20_GGPP_like::MARTS_RXN_4d9779092922e63a
MARTS_RXN_8d7f7dd54117072a,C20_GGPP_like::MARTS_RXN_8d7f7dd54117072a
MARTS_RXN_3e20a5676626288a,C20_GGPP_like::MARTS_RXN_3e20a5676626288a
MARTS_RXN_f7cc3793e8fe05f4,C20_GGPP_like::MARTS_RXN_618cb8d5f98f8d39
MARTS_RXN_618cb8d5f98f8d39,C20_GGPP_like::MARTS_RXN_618cb8d5f98f8d39
MARTS_RXN_adb450f93ec6df77,C20_GGPP_like::MARTS_RXN_618cb8d5f98f8d39
MARTS_RXN_29704a84d49c8b3b,C20_GGPP_like::MARTS_RXN_29704a84d49c8b3b
MARTS_RXN_5d8d9a77365d75b5,C20_GGPP_like::MARTS_RXN_00588b0f0a754835
MARTS_RXN_76499a11d46582b6,C20_GGPP_like::MARTS_RXN_00588b0f0a754835
MARTS_RXN_9557d9c04ed3543b,C20_GGPP_like::MARTS_RXN_00588b0f0a754835
MARTS_RXN_9e53a73973061d2f,C20_GGPP_like::MARTS_RXN_00588b0f0a754835
MARTS_RXN_e9ed9dc21c00f52b,C20_GGPP_like::MARTS_RXN_00588b0f0a754835
MARTS_RXN_00588b0f0a754835,C20_GGPP_like::MARTS_RXN_00588b0f0a754835
MARTS_RXN_ffdf938f67fac694,C20_GGPP_like::MARTS_RXN_00588b0f0a754835
MARTS_RXN_f5414ceb0f1f5ab4,C20_GGPP_like::MARTS_RXN_a5374cc39ade96ae
MARTS_RXN_a5374cc39ade96ae,C20_GGPP_like::MARTS_RXN_a5374cc39ade96ae
MARTS_RXN_fa03c166bbd74319,C20_GGPP_like::MARTS_RXN_fa03c166bbd74319
MARTS_RXN_4fba5e08211844e3,C20_GGPP_like::MARTS_RXN_4fba5e08211844e3
MARTS_RXN_9239c973f487b019,C20_GGPP_like::MARTS_RXN_9239c973f487b019
MARTS_RXN_932a9e24c66214c5,C20_GGPP_like::MARTS_RXN_1d852b407f95b2b1
MARTS_RXN_1d852b407f95b2b1,C20_GGPP_like::MARTS_RXN_1d852b407f95b2b1
MARTS_RXN_6d6aa67d85ada1bf,C20_GGPP_like::MARTS_RXN_6d6aa67d85ada1bf
MARTS_RXN_9bfd169ae97ddf61,C20_GGPP_like::MARTS_RXN_618cb8d5f98f8d39
MARTS_RXN_a3395ba9b8c61185,C20_GGPP_like::MARTS_RXN_618cb8d5f98f8d39
MARTS_RXN_b3c865336ac365fa,C20_GGPP_like::MARTS_RXN_618cb8d5f98f8d39
MARTS_RXN_ad8e38949c9e302b,C20_GGPP_like::MARTS_RXN_1d852b407f95b2b1
MARTS_RXN_22bda90ee992550a,C20_GGPP_like::MARTS_RXN_22bda90ee992550a
MARTS_RXN_6c1cbb35db925c2f,C20_GGPP_like::MARTS_RXN_2e59d1c7b929f7af
MARTS_RXN_ff0c2ddf47874579,C20_GGPP_like::MARTS_RXN_2e59d1c7b929f7af
MARTS_RXN_a330ce4c40995688,C20_GGPP_like::MARTS_RXN_a330ce4c40995688
MARTS_RXN_2e59d1c7b929f7af,C20_GGPP_like::MARTS_RXN_2e59d1c7b929f7af
MARTS_RXN_6b2dcf26c8922a57,C20_GGPP_like::MARTS_RXN_6b2dcf26c8922a57
MARTS_RXN_9aca0b07537d223f,C20_GGPP_like::MARTS_RXN_6b2dcf26c8922a57
MARTS_RXN_4356ef28995dc307,C20_GGPP_like::MARTS_RXN_4356ef28995dc307
MARTS_RXN_31029ac2a5b7a0fa,C20_GGPP_like::MARTS_RXN_31029ac2a5b7a0fa
MARTS_RXN_e266d387018a41d7,C20_GGPP_like::MARTS_RXN_e266d387018a41d7
MARTS_RXN_9d212bb942092d78,C20_GGPP_like::MARTS_RXN_9d212bb942092d78
MARTS_RXN_2176351dca9cd5fc,C20_GGPP_like::MARTS_RXN_2176351dca9cd5fc
MARTS_RXN_7b0c8670d1ee5632,C20_GGPP_like::MARTS_RXN_51c6e7c89344a669
MARTS_RXN_51c6e7c89344a669,C20_GGPP_like::MARTS_RXN_51c6e7c89344a669
MARTS_RXN_5904725d5317baab,C20_GGPP_like::MARTS_RXN_5904725d5317baab
MARTS_RXN_1c2da1449873c23c,C20_GGPP_like::MARTS_RXN_1c2da1449873c23c
MARTS_RXN_0e08d025745c0527,C20_GGPP_like::MARTS_RXN_0e08d025745c0527
MARTS_RXN_be815318a50a29dc,C20_GGPP_like::MARTS_RXN_029b92fe95def7ba
MARTS_RXN_f062a1f7997d101a,C20_GGPP_like::MARTS_RXN_f062a1f7997d101a
MARTS_RXN_e71ff45cbd78c666,C20_GGPP_like::MARTS_RXN_e71ff45cbd78c666
MARTS_RXN_237f1c153ad64a02,C20_GGPP_like::MARTS_RXN_237f1c153ad64a02
MARTS_RXN_714817f4ca78ea2c,C20_GGPP_like::MARTS_RXN_714817f4ca78ea2c
MARTS_RXN_71bb2acc38afd616,C20_GGPP_like::MARTS_RXN_714817f4ca78ea2c
MARTS_RXN_86ad65662f492c15,C20_GGPP_like::MARTS_RXN_86ad65662f492c15
MARTS_RXN_6385ac1fa7a9794c,C20_GGPP_like::MARTS_RXN_2d848cafa6c3ce23
MARTS_RXN_e056c9e6d498412e,C20_GGPP_like::MARTS_RXN_e056c9e6d498412e
MARTS_RXN_eba646fdd0707683,C20_GGPP_like::MARTS_RXN_eba646fdd0707683
MARTS_RXN_f965f9c2d3cbc1e8,C20_GGPP_like::MARTS_RXN_4fba5e08211844e3
MARTS_RXN_cbab60db5c926010,C20_GGPP_like::MARTS_RXN_3121b4ab4cb12631
MARTS_RXN_3121b4ab4cb12631,C20_GGPP_like::MARTS_RXN_3121b4ab4cb12631
MARTS_RXN_68261f5fd64cc84a,C20_GGPP_like::MARTS_RXN_0429f79d54e93205
MARTS_RXN_a9c17147ad90cb93,C20_GGPP_like::MARTS_RXN_a9c17147ad90cb93
MARTS_RXN_605fa04e84674359,C20_GGPP_like::MARTS_RXN_0b0f5e083f773cac
MARTS_RXN_c46a27e03090d09d,C20_GGPP_like::MARTS_RXN_0429f79d54e93205
MARTS_RXN_f0fe69f8e0b7d8e9,C20_GGPP_like::MARTS_RXN_56f1be1c880d5e55
MARTS_RXN_d4bafc235050ff51,C20_GGPP_like::MARTS_RXN_d4bafc235050ff51
MARTS_RXN_7b8aab66c453410b,C20_GGPP_like::MARTS_RXN_7b8aab66c453410b
MARTS_RXN_86a30d47d9f48e4c,C20_GGPP_like::MARTS_RXN_86a30d47d9f48e4c
MARTS_RXN_0b0f5e083f773cac,C20_GGPP_like::MARTS_RXN_0b0f5e083f773cac
MARTS_RXN_9799d98e2a755a35,C20_GGPP_like::MARTS_RXN_0b0f5e083f773cac
MARTS_RXN_fb686c0d23a3ed03,C20_GGPP_like::MARTS_RXN_0718113ff7068076
MARTS_RXN_0718113ff7068076,C20_GGPP_like::MARTS_RXN_0718113ff7068076
MARTS_RXN_3b6183e9f8724d46,C20_GGPP_like::MARTS_RXN_0feaca316b3fb310
MARTS_RXN_4b410b511327a71c,C20_GGPP_like::MARTS_RXN_4b410b511327a71c
MARTS_RXN_7f776e922bfd97ee,C20_GGPP_like::MARTS_RXN_7f776e922bfd97ee
MARTS_RXN_0d6dcf3090a1cf2e,C20_GGPP_like::MARTS_RXN_0d6dcf3090a1cf2e
MARTS_RXN_56f1be1c880d5e55,C20_GGPP_like::MARTS_RXN_56f1be1c880d5e55
MARTS_RXN_9c7db311ef6f788e,C20_GGPP_like::MARTS_RXN_4d9779092922e63a
MARTS_RXN_2cbcde3fbcd9119c,C20_GGPP_like::MARTS_RXN_2cbcde3fbcd9119c
MARTS_RXN_45fc9f67efee5bba,C20_GGPP_like::MARTS_RXN_45fc9f67efee5bba
MARTS_RXN_300234cd00168cf7,C20_GGPP_like::MARTS_RXN_300234cd00168cf7
MARTS_RXN_0feaca316b3fb310,C20_GGPP_like::MARTS_RXN_0feaca316b3fb310
MARTS_RXN_0601074748a9cf41,C20_GGPP_like::MARTS_RXN_0601074748a9cf41
MARTS_RXN_561d9f61c555bf15,C20_GGPP_like::MARTS_RXN_561d9f61c555bf15
MARTS_RXN_b6b1bb9e464ef7af,C30_long_prenyl_like::MARTS_RXN_0304c008705652f9
MARTS_RXN_aaf62036b97e051b,C30_long_prenyl_like::MARTS_RXN_4c4ba4bc054979a2
MARTS_RXN_4c4ba4bc054979a2,C30_long_prenyl_like::MARTS_RXN_4c4ba4bc054979a2
MARTS_RXN_6c228262ac8f23c7,C30_long_prenyl_like::MARTS_RXN_6c228262ac8f23c7
MARTS_RXN_0304c008705652f9,C30_long_prenyl_like::MARTS_RXN_0304c008705652f9
MARTS_RXN_4559795251910cf6,C30_long_prenyl_like::MARTS_RXN_0304c008705652f9
MARTS_RXN_832dbc506db6cc7c,C30_long_prenyl_like::MARTS_RXN_0304c008705652f9
MARTS_RXN_0d0c4cf767f1e407,C30_long_prenyl_like::MARTS_RXN_0304c008705652f9
MARTS_RXN_8e685e0c0b697e5d,C30_long_prenyl_like::MARTS_RXN_0304c008705652f9
MARTS_RXN_0924823aff1cb84d,C30_long_prenyl_like::MARTS_RXN_0924823aff1cb84d
MARTS_RXN_623d8533ef097f62,C30_long_prenyl_like::MARTS_RXN_4c4ba4bc054979a2
MARTS_RXN_954e6f7526561bdc,C30_long_prenyl_like::MARTS_RXN_954e6f7526561bdc
MARTS_RXN_54f9295f8233f1ff,C30_long_prenyl_like::MARTS_RXN_534c9b024fd41f1d
MARTS_RXN_37bf66f566f8481d,C30_long_prenyl_like::MARTS_RXN_0fc1278d92cea627
MARTS_RXN_e9868487450315e1,C30_long_prenyl_like::MARTS_RXN_0fc1278d92cea627
MARTS_RXN_c9bd9d79a4994f2b,C30_long_prenyl_like::MARTS_RXN_0fc1278d92cea627
MARTS_RXN_0fc1278d92cea627,C30_long_prenyl_like::MARTS_RXN_0fc1278d92cea627
MARTS_RXN_2749d45a62475aee,C30_long_prenyl_like::MARTS_RXN_0fc1278d92cea627
MARTS_RXN_0b1cfad8cd17424d,C30_long_prenyl_like::MARTS_RXN_0b1cfad8cd17424d
MARTS_RXN_011b6221b71a06c1,C30_long_prenyl_like::MARTS_RXN_011b6221b71a06c1
MARTS_RXN_143697885ccd8371,C30_long_prenyl_like::MARTS_RXN_143697885ccd8371
MARTS_RXN_aecc694cdc8fc5ad,C30_long_prenyl_like::MARTS_RXN_53b95bb128cc8604
MARTS_RXN_895bc6cfde4cde23,C30_long_prenyl_like::MARTS_RXN_534c9b024fd41f1d
MARTS_RXN_e426458f43f2a858,C30_long_prenyl_like::MARTS_RXN_53b95bb128cc8604
MARTS_RXN_534c9b024fd41f1d,C30_long_prenyl_like::MARTS_RXN_534c9b024fd41f1d
MARTS_RXN_cf93aab35986b1b1,C30_long_prenyl_like::MARTS_RXN_0fc1278d92cea627
MARTS_RXN_4ca33e7ceaa5eb2d,C30_long_prenyl_like::MARTS_RXN_02d5c740a9bcdd93
MARTS_RXN_02d5c740a9bcdd93,C30_long_prenyl_like::MARTS_RXN_02d5c740a9bcdd93
MARTS_RXN_219616d40b4a474d,C30_long_prenyl_like::MARTS_RXN_0b1cfad8cd17424d
MARTS_RXN_53b95bb128cc8604,C30_long_prenyl_like::MARTS_RXN_53b95bb128cc8604
MARTS_RXN_000c8b710696a6c3,C30_long_prenyl_like::MARTS_RXN_000c8b710696a6c3
MARTS_RXN_7ff536380ca796be,C30_long_prenyl_like::MARTS_RXN_000c8b710696a6c3
MARTS_RXN_e1f4a20918db2c43,C30_long_prenyl_like::MARTS_RXN_000c8b710696a6c3
MARTS_RXN_6e2469281324cc27,C15_FPP_like::MARTS_RXN_6e2469281324cc27
MARTS_RXN_2f66322fcd3079e5,C15_FPP_like::MARTS_RXN_2f66322fcd3079e5
MARTS_RXN_445d3ade582cd4d9,C15_FPP_like::MARTS_RXN_12ea767952411492
MARTS_RXN_1da1a2f90d9e4a78,C15_FPP_like::MARTS_RXN_1da1a2f90d9e4a78
MARTS_RXN_ed65fc0ae86103c3,C15_FPP_like::MARTS_RXN_ed65fc0ae86103c3
MARTS_RXN_ff929cfe081f4057,C15_FPP_like::MARTS_RXN_f3ae22de5b08f4aa
MARTS_RXN_f2690fb4e1d62b13,C15_FPP_like::MARTS_RXN_f2690fb4e1d62b13
MARTS_RXN_848e51b53c9f935b,C15_FPP_like::MARTS_RXN_848e51b53c9f935b
MARTS_RXN_7f2bc36bf81b2ed7,C15_FPP_like::MARTS_RXN_7f2bc36bf81b2ed7
MARTS_RXN_5f75005031269547,C15_FPP_like::MARTS_RXN_5f75005031269547
MARTS_RXN_ed21a7eee84cf790,C15_FPP_like::MARTS_RXN_577afee79e2cab7f
MARTS_RXN_e534dc4a16ad7354,C15_FPP_like::MARTS_RXN_577afee79e2cab7f
MARTS_RXN_877408d79e1b5e00,C15_FPP_like::MARTS_RXN_577afee79e2cab7f
MARTS_RXN_12ea767952411492,C15_FPP_like::MARTS_RXN_12ea767952411492
MARTS_RXN_6701a8c266660d4b,C15_FPP_like::MARTS_RXN_12ea767952411492
MARTS_RXN_e7e4baa8593b105a,C15_FPP_like::MARTS_RXN_2f66322fcd3079e5
MARTS_RXN_67805eaea5cd75f4,C15_FPP_like::MARTS_RXN_67805eaea5cd75f4
MARTS_RXN_5d4a8a447c7ef94b,C15_FPP_like::MARTS_RXN_5d4a8a447c7ef94b
MARTS_RXN_2553bd9296f451ae,C15_FPP_like::MARTS_RXN_2553bd9296f451ae
MARTS_RXN_363a7d5a8012bceb,C15_FPP_like::MARTS_RXN_363a7d5a8012bceb
MARTS_RXN_273d945266e1a548,C15_FPP_like::MARTS_RXN_1428f098b24c82b2
MARTS_RXN_3d09cb5fb80099ee,C15_FPP_like::MARTS_RXN_3d09cb5fb80099ee
MARTS_RXN_a9dae59672a6db7a,C15_FPP_like::MARTS_RXN_a9dae59672a6db7a
MARTS_RXN_e7b4ed13dce41111,C15_FPP_like::MARTS_RXN_4ea065b2a78469c4
MARTS_RXN_0f583a4fa8e06eb8,C15_FPP_like::MARTS_RXN_0f583a4fa8e06eb8
MARTS_RXN_20e1b5e4c86aa80d,C15_FPP_like::MARTS_RXN_0d73bf3c23ca2234
MARTS_RXN_37c622385e922d2e,C15_FPP_like::MARTS_RXN_37c622385e922d2e
MARTS_RXN_484a249db6f91749,C15_FPP_like::MARTS_RXN_484a249db6f91749
MARTS_RXN_d285caca89e1ff23,C15_FPP_like::MARTS_RXN_d285caca89e1ff23
MARTS_RXN_e46dc8f06a5009ad,C15_FPP_like::MARTS_RXN_3a4f24000917253d
MARTS_RXN_e2930242d2ecb089,C15_FPP_like::MARTS_RXN_3ae1fc659b1448c6
MARTS_RXN_af6c10b224526fc4,C15_FPP_like::MARTS_RXN_1b487b81876e118b
MARTS_RXN_1b487b81876e118b,C15_FPP_like::MARTS_RXN_1b487b81876e118b
MARTS_RXN_aa08b38a4b890e6d,C15_FPP_like::MARTS_RXN_aa08b38a4b890e6d
MARTS_RXN_697ad09519496911,C15_FPP_like::MARTS_RXN_697ad09519496911
MARTS_RXN_efb5de73536ca75d,C15_FPP_like::MARTS_RXN_67805eaea5cd75f4
MARTS_RXN_45be1b4caa766730,C15_FPP_like::MARTS_RXN_45be1b4caa766730
MARTS_RXN_574cd0378c5f164d,C15_FPP_like::MARTS_RXN_574cd0378c5f164d
MARTS_RXN_b0d6adf0f8f25e7b,C15_FPP_like::MARTS_RXN_b0d6adf0f8f25e7b
MARTS_RXN_1e265ed0245aab34,C15_FPP_like::MARTS_RXN_1e265ed0245aab34
MARTS_RXN_82dc7487f6ef8ea3,C15_FPP_like::MARTS_RXN_7e7a4dec11c772f2
MARTS_RXN_2642b09ac3c03635,C15_FPP_like::MARTS_RXN_1e265ed0245aab34
MARTS_RXN_38d26f0aa1b1f071,C15_FPP_like::MARTS_RXN_38d26f0aa1b1f071
MARTS_RXN_577afee79e2cab7f,C15_FPP_like::MARTS_RXN_577afee79e2cab7f
MARTS_RXN_e97dbd3ee1e19b8f,C15_FPP_like::MARTS_RXN_577afee79e2cab7f
MARTS_RXN_0f70e41209369141,C15_FPP_like::MARTS_RXN_0f70e41209369141
MARTS_RXN_c16bf87bd5f1509c,C15_FPP_like::MARTS_RXN_c16bf87bd5f1509c
MARTS_RXN_91d7d339e1488bd0,C15_FPP_like::MARTS_RXN_4e8885af0277ca69
MARTS_RXN_8f56554fbb1e0d18,C15_FPP_like::MARTS_RXN_4e8885af0277ca69
MARTS_RXN_a0be9c90f829e36d,C15_FPP_like::MARTS_RXN_4e8885af0277ca69
MARTS_RXN_e5945b3aed7e026a,C15_FPP_like::MARTS_RXN_2e27139e482a6dfd
MARTS_RXN_2e27139e482a6dfd,C15_FPP_like::MARTS_RXN_2e27139e482a6dfd
MARTS_RXN_529b3e1ea6d5d85a,C15_FPP_like::MARTS_RXN_529b3e1ea6d5d85a
MARTS_RXN_07865104318f5787,C15_FPP_like::MARTS_RXN_07865104318f5787
MARTS_RXN_d4f733465fb3692b,C15_FPP_like::MARTS_RXN_07865104318f5787
MARTS_RXN_c10979d29e2cb6a7,C15_FPP_like::MARTS_RXN_c10979d29e2cb6a7
MARTS_RXN_9063c0c9ffabebd5,C15_FPP_like::MARTS_RXN_2f66322fcd3079e5
MARTS_RXN_784e9972f718f138,C15_FPP_like::MARTS_RXN_2f66322fcd3079e5
MARTS_RXN_6d4b93a57332c8e7,C15_FPP_like::MARTS_RXN_6d4b93a57332c8e7
MARTS_RXN_8d049834636c4bf1,C15_FPP_like::MARTS_RXN_8d049834636c4bf1
MARTS_RXN_df155569071abbaf,C15_FPP_like::MARTS_RXN_8d049834636c4bf1
MARTS_RXN_c38237fa511c255a,C15_FPP_like::MARTS_RXN_4e8885af0277ca69
MARTS_RXN_c30abce3ed2d10fa,C15_FPP_like::MARTS_RXN_8d049834636c4bf1
MARTS_RXN_68d7c7a6b97fc6da,C15_FPP_like::MARTS_RXN_4e8885af0277ca69
MARTS_RXN_f7bbe0adf8b8ddb5,C15_FPP_like::MARTS_RXN_4e8885af0277ca69
MARTS_RXN_4e8885af0277ca69,C15_FPP_like::MARTS_RXN_4e8885af0277ca69
MARTS_RXN_e51c77fbe5d6e84c,C15_FPP_like::MARTS_RXN_d285caca89e1ff23
MARTS_RXN_01511fe455cdde25,C15_FPP_like::MARTS_RXN_01511fe455cdde25
MARTS_RXN_cffca17c4e58c2b9,C15_FPP_like::MARTS_RXN_01511fe455cdde25
MARTS_RXN_4ea065b2a78469c4,C15_FPP_like::MARTS_RXN_4ea065b2a78469c4
MARTS_RXN_ba7b0f03f6da410b,C15_FPP_like::MARTS_RXN_ba7b0f03f6da410b
MARTS_RXN_6bd0977b42d0b28e,C15_FPP_like::MARTS_RXN_6bd0977b42d0b28e
MARTS_RXN_96dd0e42f0581580,C15_FPP_like::MARTS_RXN_96dd0e42f0581580
MARTS_RXN_f0b6b1822fec7bbf,C15_FPP_like::MARTS_RXN_67805eaea5cd75f4
MARTS_RXN_c47716e3c171dcec,C15_FPP_like::MARTS_RXN_747e481950538f21
MARTS_RXN_4961eab77935b533,C15_FPP_like::MARTS_RXN_4961eab77935b533
MARTS_RXN_42bfdab7b6fdc232,C15_FPP_like::MARTS_RXN_42bfdab7b6fdc232
MARTS_RXN_33427cd75be07ac8,C15_FPP_like::MARTS_RXN_33427cd75be07ac8
MARTS_RXN_404fc9ed6f1950fa,C15_FPP_like::MARTS_RXN_404fc9ed6f1950fa
MARTS_RXN_b1f6de0feffa6a5e,C15_FPP_like::MARTS_RXN_458f0538d21fa0df
MARTS_RXN_d976b8fff242e480,C15_FPP_like::MARTS_RXN_d976b8fff242e480
MARTS_RXN_308ae5d61a8d303e,C15_FPP_like::MARTS_RXN_308ae5d61a8d303e
MARTS_RXN_458f0538d21fa0df,C15_FPP_like::MARTS_RXN_458f0538d21fa0df
MARTS_RXN_63e6da6592215ec8,C15_FPP_like::MARTS_RXN_63e6da6592215ec8
MARTS_RXN_511719bb8614820e,C15_FPP_like::MARTS_RXN_511719bb8614820e
MARTS_RXN_f1b5e1eb6087705f,C15_FPP_like::MARTS_RXN_747e481950538f21
MARTS_RXN_951f2d0a07d7f072,C15_FPP_like::MARTS_RXN_951f2d0a07d7f072
MARTS_RXN_f6678ba7c00ddd11,C15_FPP_like::MARTS_RXN_f6678ba7c00ddd11
MARTS_RXN_a835c7512bd8dffd,C15_FPP_like::MARTS_RXN_a835c7512bd8dffd
MARTS_RXN_c0d41a7707a36816,C15_FPP_like::MARTS_RXN_c0d41a7707a36816
MARTS_RXN_908734b433c369e2,C15_FPP_like::MARTS_RXN_908734b433c369e2
MARTS_RXN_410c0512e374e696,C15_FPP_like::MARTS_RXN_410c0512e374e696
MARTS_RXN_42004072f4db1451,C15_FPP_like::MARTS_RXN_42004072f4db1451
MARTS_RXN_4581d9186380d33c,C15_FPP_like::MARTS_RXN_4581d9186380d33c
MARTS_RXN_bca813a0b5f35b09,C15_FPP_like::MARTS_RXN_bca813a0b5f35b09
MARTS_RXN_bfae5825c0b4a71c,C15_FPP_like::MARTS_RXN_bfae5825c0b4a71c
MARTS_RXN_7844025b037230bb,C15_FPP_like::MARTS_RXN_7844025b037230bb
MARTS_RXN_b7bd3b75310cb60f,C15_FPP_like::MARTS_RXN_b7bd3b75310cb60f
MARTS_RXN_6290a24f780c8fab,C15_FPP_like::MARTS_RXN_6290a24f780c8fab
MARTS_RXN_747e481950538f21,C15_FPP_like::MARTS_RXN_747e481950538f21
MARTS_RXN_0d75732112ff40fa,C15_FPP_like::MARTS_RXN_0d75732112ff40fa
MARTS_RXN_c1dd43a147d429c7,C15_FPP_like::MARTS_RXN_c1dd43a147d429c7
MARTS_RXN_7345bb901e40f13b,C15_FPP_like::MARTS_RXN_7345bb901e40f13b
MARTS_RXN_5ebefc2c594480ea,C15_FPP_like::MARTS_RXN_5ebefc2c594480ea
MARTS_RXN_524236d5871c8779,C15_FPP_like::MARTS_RXN_524236d5871c8779
MARTS_RXN_0aa1aeb0f8d8f23a,C15_FPP_like::MARTS_RXN_0aa1aeb0f8d8f23a
MARTS_RXN_bb0c8b67ae81b96c,C15_FPP_like::MARTS_RXN_bb0c8b67ae81b96c
MARTS_RXN_c039ce9df6e875e8,C15_FPP_like::MARTS_RXN_484a249db6f91749
MARTS_RXN_7e7a4dec11c772f2,C15_FPP_like::MARTS_RXN_7e7a4dec11c772f2
MARTS_RXN_d0442569d82cdfbe,C15_FPP_like::MARTS_RXN_d0442569d82cdfbe
MARTS_RXN_aa1c51dc47fedf4f,C15_FPP_like::MARTS_RXN_aa1c51dc47fedf4f
MARTS_RXN_e1b21c993a0c71e6,C15_FPP_like::MARTS_RXN_e1b21c993a0c71e6
MARTS_RXN_cef068eebcb47854,C15_FPP_like::MARTS_RXN_cef068eebcb47854
MARTS_RXN_1659aa23de20f1c3,C15_FPP_like::MARTS_RXN_1659aa23de20f1c3
MARTS_RXN_48d77adfec360440,C15_FPP_like::MARTS_RXN_48d77adfec360440
MARTS_RXN_d51ef41d620fa90e,C15_FPP_like::MARTS_RXN_d51ef41d620fa90e
MARTS_RXN_0d73bf3c23ca2234,C15_FPP_like::MARTS_RXN_0d73bf3c23ca2234
MARTS_RXN_4ffa9a18599ed8bf,C15_FPP_like::MARTS_RXN_4ffa9a18599ed8bf
MARTS_RXN_2ffb342ca0601b18,C15_FPP_like::MARTS_RXN_2ffb342ca0601b18
MARTS_RXN_b44a6383dd2aaa1e,C15_FPP_like::MARTS_RXN_b44a6383dd2aaa1e
MARTS_RXN_bee3bfd0a3ce9d09,C15_FPP_like::MARTS_RXN_3a4f24000917253d
MARTS_RXN_781f3e745c61d66f,C15_FPP_like::MARTS_RXN_781f3e745c61d66f
MARTS_RXN_2e5de5bb57ab7647,C15_FPP_like::MARTS_RXN_2e5de5bb57ab7647
MARTS_RXN_3a4f24000917253d,C15_FPP_like::MARTS_RXN_3a4f24000917253d
MARTS_RXN_d0c235775bc5fa24,C15_FPP_like::MARTS_RXN_1e265ed0245aab34
MARTS_RXN_f3ae22de5b08f4aa,C15_FPP_like::MARTS_RXN_f3ae22de5b08f4aa
MARTS_RXN_3ae1fc659b1448c6,C15_FPP_like::MARTS_RXN_3ae1fc659b1448c6
MARTS_RXN_7f868086a3e78f84,C15_FPP_like::MARTS_RXN_4b39e8d478cede47
MARTS_RXN_1428f098b24c82b2,C15_FPP_like::MARTS_RXN_1428f098b24c82b2
MARTS_RXN_d147768eaf206e54,C15_FPP_like::MARTS_RXN_3d09cb5fb80099ee
MARTS_RXN_79949be171faa424,C15_FPP_like::MARTS_RXN_1f7cef5e91c21723
MARTS_RXN_1f7cef5e91c21723,C15_FPP_like::MARTS_RXN_1f7cef5e91c21723
MARTS_RXN_ea5f048150a727ac,C15_FPP_like::MARTS_RXN_484a249db6f91749
MARTS_RXN_cded9fefc27600de,C15_FPP_like::MARTS_RXN_1b487b81876e118b
MARTS_RXN_5aa1e407cf39158f,C15_FPP_like::MARTS_RXN_5aa1e407cf39158f
MARTS_RXN_f5e8b39a2de92b5e,C15_FPP_like::MARTS_RXN_aa08b38a4b890e6d
MARTS_RXN_faf8834b256f41eb,C15_FPP_like::MARTS_RXN_faf8834b256f41eb
MARTS_RXN_510852dd5fb5023c,C15_FPP_like::MARTS_RXN_510852dd5fb5023c
MARTS_RXN_d86b1fdbc72dc191,C15_FPP_like::MARTS_RXN_a9dae59672a6db7a
MARTS_RXN_081cddde5cfec930,C15_FPP_like::MARTS_RXN_081cddde5cfec930
MARTS_RXN_771248cd18de39ed,C15_FPP_like::MARTS_RXN_771248cd18de39ed
MARTS_RXN_effb285ed78e9c48,C15_FPP_like::MARTS_RXN_effb285ed78e9c48
MARTS_RXN_1d163920da857104,C15_FPP_like::MARTS_RXN_1d163920da857104
MARTS_RXN_7c05abd7a60050ed,C15_FPP_like::MARTS_RXN_38d26f0aa1b1f071
MARTS_RXN_08766bcda58bfb98,C15_FPP_like::MARTS_RXN_08766bcda58bfb98
MARTS_RXN_b099e0d8d67da6e9,C15_FPP_like::MARTS_RXN_b099e0d8d67da6e9
MARTS_RXN_4b39e8d478cede47,C15_FPP_like::MARTS_RXN_4b39e8d478cede47
MARTS_RXN_5298c5c71be13322,C15_FPP_like::MARTS_RXN_5298c5c71be13322
MARTS_RXN_6492a29728cb9f5d,C15_FPP_like::MARTS_RXN_6492a29728cb9f5d
MARTS_RXN_ad1e7c35f1507032,C15_FPP_like::MARTS_RXN_ad1e7c35f1507032
MARTS_RXN_6c7d3c1df7ff6c27,C15_FPP_like::MARTS_RXN_6c7d3c1df7ff6c27
MARTS_RXN_4cfa7e6347acb9dd,C15_FPP_like::MARTS_RXN_4cfa7e6347acb9dd
MARTS_RXN_2250a8a7fe50b40b,C15_FPP_like::MARTS_RXN_2250a8a7fe50b40b
MARTS_RXN_20a7753479f93509,C15_FPP_like::MARTS_RXN_20a7753479f93509
MARTS_RXN_576c56875aefb3a0,C15_FPP_like::MARTS_RXN_576c56875aefb3a0
MARTS_RXN_8fbf35fa86d400ea,C15_FPP_like::MARTS_RXN_8fbf35fa86d400ea
MARTS_RXN_fdd3c203535dcbf2,C15_FPP_like::MARTS_RXN_fdd3c203535dcbf2
MARTS_RXN_ed3cf125a033969c,C15_FPP_like::MARTS_RXN_ed3cf125a033969c
MARTS_RXN_8d1c367b4e2dfd3e,C15_FPP_like::MARTS_RXN_8d1c367b4e2dfd3e
MARTS_RXN_35b946a8497aca8d,C15_FPP_like::MARTS_RXN_12ea767952411492
MARTS_RXN_ca8ee430d64a2f8a,C15_FPP_like::MARTS_RXN_16962b9e0f45c782
MARTS_RXN_09ecbae2d03be4fd,C15_FPP_like::MARTS_RXN_012d56c064db981a
MARTS_RXN_012d56c064db981a,C15_FPP_like::MARTS_RXN_012d56c064db981a
MARTS_RXN_98758b30deafb117,C15_FPP_like::MARTS_RXN_98758b30deafb117
MARTS_RXN_7d1185597c0f232d,C15_FPP_like::MARTS_RXN_7d1185597c0f232d
MARTS_RXN_16962b9e0f45c782,C15_FPP_like::MARTS_RXN_16962b9e0f45c782
MARTS_RXN_77507c68e72eca5f,C10_GPP_like::MARTS_RXN_0bc621c08854694f
MARTS_RXN_0bc621c08854694f,C10_GPP_like::MARTS_RXN_0bc621c08854694f
MARTS_RXN_8d2492a66172fc60,C10_GPP_like::MARTS_RXN_8d2492a66172fc60
MARTS_RXN_264d20fcc642e814,C10_GPP_like::MARTS_RXN_264d20fcc642e814
MARTS_RXN_c2e48d0936622fb5,C10_GPP_like::MARTS_RXN_c2e48d0936622fb5
MARTS_RXN_1242a365f538e79b,C10_GPP_like::MARTS_RXN_1242a365f538e79b
MARTS_RXN_994ba3440a8dbed7,C10_GPP_like::MARTS_RXN_994ba3440a8dbed7
MARTS_RXN_55a14b5942034dc9,C10_GPP_like::MARTS_RXN_55a14b5942034dc9
MARTS_RXN_a4e96415200ab234,C10_GPP_like::MARTS_RXN_a4e96415200ab234
MARTS_RXN_54ce947e1616af93,C10_GPP_like::MARTS_RXN_54ce947e1616af93
MARTS_RXN_8d064654eda71035,C10_GPP_like::MARTS_RXN_8d064654eda71035
MARTS_RXN_2f4ae72be0cd4553,C10_GPP_like::MARTS_RXN_2f4ae72be0cd4553
MARTS_RXN_9fe6bcba74a21a54,C10_GPP_like::MARTS_RXN_9fe6bcba74a21a54
MARTS_RXN_6314ab7563ea004f,C10_GPP_like::MARTS_RXN_6314ab7563ea004f
MARTS_RXN_64e8d90fe13ffb00,C10_GPP_like::MARTS_RXN_64e8d90fe13ffb00
MARTS_RXN_ea56a260171d74ba,C10_GPP_like::MARTS_RXN_ea56a260171d74ba
MARTS_RXN_a034669a1e4070bd,C10_GPP_like::MARTS_RXN_a034669a1e4070bd
MARTS_RXN_e275424c414b8c5d,C10_GPP_like::MARTS_RXN_e275424c414b8c5d
MARTS_RXN_9e4ea3b1a4631521,C10_GPP_like::MARTS_RXN_9e4ea3b1a4631521
MARTS_RXN_dd89a5b3606fb5ca,C10_GPP_like::MARTS_RXN_dd89a5b3606fb5ca
MARTS_RXN_030ced04f7a341d7,C10_GPP_like::MARTS_RXN_030ced04f7a341d7
MARTS_RXN_96ac57c793266e5e,C10_GPP_like::MARTS_RXN_96ac57c793266e5e
MARTS_RXN_c6418049ba960ea2,C10_GPP_like::MARTS_RXN_c6418049ba960ea2
MARTS_RXN_fc09735a9f8b0862,C10_GPP_like::MARTS_RXN_fc09735a9f8b0862
MARTS_RXN_33b3f74378db9fa9,C10_GPP_like::MARTS_RXN_33b3f74378db9fa9
MARTS_RXN_b6faae8ed504914f,C10_GPP_like::MARTS_RXN_b6faae8ed504914f
MARTS_RXN_d6623e3ddb6955f4,C10_GPP_like::MARTS_RXN_d6623e3ddb6955f4
MARTS_RXN_cab46dc67f5d9643,C10_GPP_like::MARTS_RXN_cab46dc67f5d9643
MARTS_RXN_0396c90bff0f8103,C10_GPP_like::MARTS_RXN_0396c90bff0f8103
MARTS_RXN_08a2e34a37c324e8,C5_IPP_DMAPP_like::MARTS_RXN_08a2e34a37c324e8
MARTS_RXN_bcbc2819005abe22,C5_IPP_DMAPP_like::MARTS_RXN_bcbc2819005abe22
MARTS_RXN_855945c546e1be39,C5_IPP_DMAPP_like::MARTS_RXN_855945c546e1be39
