representative,entry,cluster_id,min_sequence_identity,cluster_size
A0A060KY90,A0A060KY90,A0A060KY90,0.5,1
A0A067SEC9,A0A067SEC9,A0A067SEC9,0.5,4
A0A067SEC9,A0A0C3FBR2,A0A067SEC9,0.5,4
A0A067SEC9,A0A0C9VD04,A0A067SEC9,0.5,4
A0A067SEC9,A0A5Q0QSI8,A0A067SEC9,0.5,4
A0A067Z9B6,A0A067Z9B6,A0A067Z9B6,0.5,1
A0A075F9Z3,A0A075F9Z3,A0A075F9Z3,0.5,17
A0A075F9Z3,A0A0M4M0T9,A0A075F9Z3,0.5,17
A0A075F9Z3,A0A0M5L832,A0A075F9Z3,0.5,17
A0A075F9Z3,A0A0U2D9C5,A0A075F9Z3,0.5,17
A0A075F9Z3,A0A0U3LQ20,A0A075F9Z3,0.5,17
A0A075F9Z3,A0A1C7AAN2,A0A075F9Z3,0.5,17
A0A075F9Z3,A0A1S5RW73,A0A075F9Z3,0.5,17
A0A075F9Z3,A0A1W6QDJ1,A0A075F9Z3,0.5,17
A0A075F9Z3,A0A1X9ISN9,A0A075F9Z3,0.5,17
A0A075F9Z3,A0A2K9RG07,A0A075F9Z3,0.5,17
A0A075F9Z3,A0A3G1QTU5,A0A075F9Z3,0.5,17
A0A075F9Z3,A0A5P8DI15,A0A075F9Z3,0.5,17
A0A075F9Z3,E2IHE0,A0A075F9Z3,0.5,17
A0A075F9Z3,G3E4M4,A0A075F9Z3,0.5,17
A0A075F9Z3,G3E4M6,A0A075F9Z3,0.5,17
A0A075F9Z3,O04408,A0A075F9Z3,0.5,17
A0A075F9Z3,Q38802,A0A075F9Z3,0.5,17
A0A084R1H6,A0A084R1H6,A0A084R1H6,0.5,1
A0A084R1K7,A0A084R1K7,A0A084R1K7,0.5,1
A0A097ZPD4,A0A097ZPD4,A0A097ZPD4,0.5,1
A0A097ZPD5,A0A097ZPD5,A0A097ZPD5,0.5,1
A0A097ZPD8,A0A097ZPD8,A0A097ZPD8,0.5,1
A0A097ZPD9,A0A097ZPD9,A0A097ZPD9,0.5,1
A0A097ZPE2,A0A097ZPE2,A0A097ZPE2,0.5,1
A0A097ZPE4,A0A097ZPE4,A0A097ZPE4,0.5,1
A0A097ZPE6,A0A097ZPE6,A0A097ZPE6,0.5,1
A0A097ZPE8,A0A097ZPE8,A0A097ZPE8,0.5,1
A0A097ZPG2,A0A097ZPG2,A0A097ZPG2,0.5,6
A0A097ZPG2,A0A0F7TXA5,A0A097ZPG2,0.5,6
A0A097ZPG2,A0A0U5HAQ4,A0A097ZPG2,0.5,6
A0A097ZPG2,A0A1E1FFN4,A0A097ZPG2,0.5,6
A0A097ZPG2,A0A2I1BSU0,A0A097ZPG2,0.5,6
A0A097ZPG2,C8VE79,A0A097ZPG2,0.5,6
A0A098D1J7,A0A098D1J7,A0A098D1J7,0.5,1
A0A0A2JP58,A0A0A2JP58,A0A0A2JP58,0.5,1
A0A0B4G504,A0A0B4G504,A0A0B4G504,0.5,1
A0A0E3D8L2,A0A0E3D8L2,A0A0E3D8L2,0.5,2
A0A0E3D8L2,A0A140JWU1,A0A0E3D8L2,0.5,2
A0A0E3D8L3,A0A0E3D8L3,A0A0E3D8L3,0.5,1
A0A0E3D8M3,A0A0E3D8M3,A0A0E3D8M3,0.5,2
A0A0E3D8M3,E3UBL5,A0A0E3D8M3,0.5,2
A0A0E3D8M4,A0A0E3D8M4,A0A0E3D8M4,0.5,2
A0A0E3D8M4,A0A140JWS7,A0A0E3D8M4,0.5,2
A0A0E3D8M6,A0A0E3D8M6,A0A0E3D8M6,0.5,2
A0A0E3D8M6,A0A140JWT8,A0A0E3D8M6,0.5,2
A0A0E3D8N3,A0A0E3D8N3,A0A0E3D8N3,0.5,1
A0A0E3D8N7,A0A0E3D8N7,A0A0E3D8N7,0.5,5
A0A0E3D8N7,A0A0E3D8P8,A0A0E3D8N7,0.5,5
A0A0E3D8N7,A0A140JWT0,A0A0E3D8N7,0.5,5
A0A0E3D8N7,A9JPE2,A0A0E3D8N7,0.5,5
A0A0E3D8N7,Q9C450,A0A0E3D8N7,0.5,5
A0A0E3D8P5,A0A0E3D8P5,A0A0E3D8P5,0.5,2
A0A0E3D8P5,A0A140JWT6,A0A0E3D8P5,0.5,2
A0A0F7TN06,A0A0F7TN06,A0A0F7TN06,0.5,6
A0A0F7TN06,A0A0F7TN69,A0A0F7TN06,0.5,6
A0A0F7TN06,A0A0U5GMR5,A0A0F7TN06,0.5,6
A0A0F7TN06,A0A0U5HAP0,A0A0F7TN06,0.5,6
A0A0F7TN06,C8VQ92,A0A0F7TN06,0.5,6
A0A0F7TN06,Q5AR33,A0A0F7TN06,0.5,6
A0A0F7TN11,A0A0F7TN11,A0A0F7TN11,0.5,3
A0A0F7TN11,A0A0U5CJT8,A0A0F7TN11,0.5,3
A0A0F7TN11,Q5AR29,A0A0F7TN11,0.5,3
A0A0F7TWX5,A0A0F7TWX5,A0A0F7TWX5,0.5,2
A0A0F7TWX5,Q0CPG8,A0A0F7TWX5,0.5,2
A0A0H5BB17,A0A0H5BB10,A0A0H5BB17,0.5,2
A0A0H5BB17,A0A0H5BB17,A0A0H5BB17,0.5,2
A0A0H5BN61,A0A0H5BN57,A0A0H5BN61,0.5,2
A0A0H5BN61,A0A0H5BN61,A0A0H5BN61,0.5,2
A0A0M4KRN2,A0A0M4KRN2,A0A0M4KRN2,0.5,1
A0A0M8MW83,A0A0M8MW83,A0A0M8MW83,0.5,4
A0A0M8MW83,J7FIP8,A0A0M8MW83,0.5,4
A0A0M8MW83,M1V8K0,A0A0M8MW83,0.5,4
A0A0M8MW83,Q15FB5,A0A0M8MW83,0.5,4
A0A0M8MZA1,A0A0M8MZA1,A0A0M8MZA1,0.5,1
A0A0M9VUP1,A0A0E3D8N1,A0A0M9VUP1,0.5,11
A0A0M9VUP1,A0A0M9VUP1,A0A0M9VUP1,0.5,11
A0A0M9VUP1,A0A140JWT3,A0A0M9VUP1,0.5,11
A0A0M9VUP1,A0A2I6PJ13,A0A0M9VUP1,0.5,11
A0A0M9VUP1,A0A2Z6E9B9,A0A0M9VUP1,0.5,11
A0A0M9VUP1,J7FJH2,A0A0M9VUP1,0.5,11
A0A0M9VUP1,M1UZ07,A0A0M9VUP1,0.5,11
A0A0M9VUP1,Q15FB2,A0A0M9VUP1,0.5,11
A0A0M9VUP1,Q15FB7,A0A0M9VUP1,0.5,11
A0A0M9VUP1,Q672V5,A0A0M9VUP1,0.5,11
A0A0M9VUP1,Q9C448,A0A0M9VUP1,0.5,11
A0A0N0DCA4,A0A0N0DCA4,A0A0N0DCA4,0.5,2
A0A0N0DCA4,D2E9W6,A0A0N0DCA4,0.5,2
A0A0N0RTK4,A0A0N0RTK4,A0A0N0RTK4,0.5,5
A0A0N0RTK4,J7FK10,A0A0N0RTK4,0.5,5
A0A0N0RTK4,M1VE36,A0A0N0RTK4,0.5,5
A0A0N0RTK4,Q56RZ2,A0A0N0RTK4,0.5,5
A0A0N0RTK4,Q56RZ6,A0A0N0RTK4,0.5,5
A0A0U4ZPL6,A0A0F7TXA8,A0A0U4ZPL6,0.5,5
A0A0U4ZPL6,A0A0U4ZPL6,A0A0U4ZPL6,0.5,5
A0A0U4ZPL6,A0A1E1FFN7,A0A0U4ZPL6,0.5,5
A0A0U4ZPL6,Q0C8A5,A0A0U4ZPL6,0.5,5
A0A0U4ZPL6,Q5ATK1,A0A0U4ZPL6,0.5,5
A0A0U4ZX08,A0A0U4ZX08,A0A0U4ZX08,0.5,1
A0A0U5CNN8,A0A0U5CNN8,A0A0U5CNN8,0.5,1
A0A0U5CNP2,A0A0U5CNP2,A0A0U5CNP2,0.5,1
A0A0U5GFR4,A0A0U5GFR4,A0A0U5GFR4,0.5,1
A0A0U5GGX2,A0A0U5GGX2,A0A0U5GGX2,0.5,1
A0A0U5GHC1,A0A0F7TRU0,A0A0U5GHC1,0.5,3
A0A0U5GHC1,A0A0U5GHC1,A0A0U5GHC1,0.5,3
A0A0U5GHC1,Q5AR31,A0A0U5GHC1,0.5,3
A0A0U5GHH9,A0A0U5GHH9,A0A0U5GHH9,0.5,1
A0A0U5GHU6,A0A0F7TN16,A0A0U5GHU6,0.5,3
A0A0U5GHU6,A0A0U5GHU6,A0A0U5GHU6,0.5,3
A0A0U5GHU6,C8VQ93,A0A0U5GHU6,0.5,3
A0A0U5GIM7,A0A0F7TQP2,A0A0U5GIM7,0.5,2
A0A0U5GIM7,A0A0U5GIM7,A0A0U5GIM7,0.5,2
A0A0U5GJY1,A0A0F7TSZ1,A0A0U5GJY1,0.5,3
A0A0U5GJY1,A0A0U5GJY1,A0A0U5GJY1,0.5,3
A0A0U5GJY1,A0A1U8QLK0,A0A0U5GJY1,0.5,3
A0A0U5GK88,A0A0U5GK88,A0A0U5GK88,0.5,1
A0A0U5GNT1,A0A0U5GNT1,A0A0U5GNT1,0.5,1
A0A0U5GQ05,A0A0U5GQ05,A0A0U5GQ05,0.5,1
A0A0U5GRB4,A0A0U5GRB4,A0A0U5GRB4,0.5,1
A0A140JWS4,A0A0E3D8P9,A0A140JWS4,0.5,2
A0A140JWS4,A0A140JWS4,A0A140JWS4,0.5,2
A0A140JWS5,A0A0E3D8L9,A0A140JWS5,0.5,2
A0A140JWS5,A0A140JWS5,A0A140JWS5,0.5,2
A0A140JWS6,A0A140JWS6,A0A140JWS6,0.5,1
A0A140JWS8,A0A0E3D8N4,A0A140JWS8,0.5,2
A0A140JWS8,A0A140JWS8,A0A140JWS8,0.5,2
A0A140JWS9,A0A0E3D8L0,A0A140JWS9,0.5,2
A0A140JWS9,A0A140JWS9,A0A140JWS9,0.5,2
A0A140JWT1,A0A0E3D8L5,A0A140JWT1,0.5,7
A0A140JWT1,A0A0E3D8L6,A0A140JWT1,0.5,7
A0A140JWT1,A0A0F7TXA0,A0A140JWT1,0.5,7
A0A140JWT1,A0A140JWT1,A0A140JWT1,0.5,7
A0A140JWT1,A0A2I6PIZ2,A0A140JWT1,0.5,7
A0A140JWT1,Q672V4,A0A140JWT1,0.5,7
A0A140JWT1,Q9C447,A0A140JWT1,0.5,7
A0A140JWT4,A0A0E3D8K9,A0A140JWT4,0.5,5
A0A140JWT4,A0A0E3D8P0,A0A140JWT4,0.5,5
A0A140JWT4,A0A140JWT4,A0A140JWT4,0.5,5
A0A140JWT4,A9JPE0,A0A140JWT4,0.5,5
A0A140JWT4,Q9C449,A0A140JWT4,0.5,5
A0A140JWT5,A0A140JWT5,A0A140JWT5,0.5,1
A0A140JWT7,A0A0E3D8N6,A0A140JWT7,0.5,2
A0A140JWT7,A0A140JWT7,A0A140JWT7,0.5,2
A0A140JWT9,A0A0E3D8M1,A0A140JWT9,0.5,2
A0A140JWT9,A0A140JWT9,A0A140JWT9,0.5,2
A0A140JWU0,A0A0E3D8Q1,A0A140JWU0,0.5,2
A0A140JWU0,A0A140JWU0,A0A140JWU0,0.5,2
A0A1B4XBG5,A0A1B4XBG5,A0A1B4XBG5,0.5,1
A0A1B7YCK2,A0A0B2XGM8,A0A1B7YCK2,0.5,11
A0A1B7YCK2,A0A1B7YCK2,A0A1B7YCK2,0.5,11
A0A1B7YCK2,A0A3T0ZHL4,A0A1B7YCK2,0.5,11
A0A1B7YCK2,A0A8D5M7V9,A0A1B7YCK2,0.5,11
A0A1B7YCK2,I1RL16,A0A1B7YCK2,0.5,11
A0A1B7YCK2,P9WEQ7,A0A1B7YCK2,0.5,11
A0A1B7YCK2,P9WEW7,A0A1B7YCK2,0.5,11
A0A1B7YCK2,P9WEX2,A0A1B7YCK2,0.5,11
A0A1B7YCK2,P9WEX8,A0A1B7YCK2,0.5,11
A0A1B7YCK2,Q4WBI5,A0A1B7YCK2,0.5,11
A0A1B7YCK2,Q4WLD0,A0A1B7YCK2,0.5,11
A0A1D6HSP4,A0A1D6F9Y9,A0A1D6HSP4,0.5,2
A0A1D6HSP4,A0A1D6HSP4,A0A1D6HSP4,0.5,2
A0A1D6LTV0,A0A1D6LTV0,A0A1D6LTV0,0.5,1
A0A1E1FFL1,A0A1E1FFL1,A0A1E1FFL1,0.5,1
A0A1E1FFL4,A0A1E1FFL4,A0A1E1FFL4,0.5,1
A0A1E1FFM3,A0A1E1FFM3,A0A1E1FFM3,0.5,1
A0A1E1FFN3,A0A1E1FFN3,A0A1E1FFN3,0.5,1
A0A1G9UQQ0,A0A1G9UQQ0,A0A1G9UQQ0,0.5,1
A0A1G9VRW7,A0A1G9VRW7,A0A1G9VRW7,0.5,1
A0A1L2D3T3,A0A0D4D912,A0A1L2D3T3,0.5,9
A0A1L2D3T3,A0A1L2D3T3,A0A1L2D3T3,0.5,9
A0A1L2D3T3,B0FGA9,A0A1L2D3T3,0.5,9
A0A1L2D3T3,F8UL80,A0A1L2D3T3,0.5,9
A0A1L2D3T3,I6QSN0,A0A1L2D3T3,0.5,9
A0A1L2D3T3,Q4U3F6,A0A1L2D3T3,0.5,9
A0A1L2D3T3,Q4U3F7,A0A1L2D3T3,0.5,9
A0A1L2D3T3,Q8LSC2,A0A1L2D3T3,0.5,9
A0A1L2D3T3,Q8LSC3,A0A1L2D3T3,0.5,9
A0A1L5YKS7,A0A1L5YKS7,A0A1L5YKS7,0.5,1
A0A1L7VI12,A0A1L7VI12,A0A1L7VI12,0.5,1
A0A1L9UKS1,A0A0P0ZD79,A0A1L9UKS1,0.5,2
A0A1L9UKS1,A0A1L9UKS1,A0A1L9UKS1,0.5,2
A0A1L9WQI2,A0A0P0ZEM1,A0A1L9WQI2,0.5,4
A0A1L9WQI2,A0A169T193,A0A1L9WQI2,0.5,4
A0A1L9WQI2,A0A1L9WQI2,A0A1L9WQI2,0.5,4
A0A1L9WQI2,A0A8K1AY78,A0A1L9WQI2,0.5,4
A0A1L9WUI2,A0A1L9WUI2,A0A1L9WUI2,0.5,1
A0A1L9WUM2,A0A1L9WUM2,A0A1L9WUM2,0.5,1
A0A1L9WUX8,A0A1L9WUX8,A0A1L9WUX8,0.5,1
A0A1P7Y0C9,A0A1P7Y0A2,A0A1P7Y0C9,0.5,10
A0A1P7Y0C9,A0A1P7Y0A8,A0A1P7Y0C9,0.5,10
A0A1P7Y0C9,A0A1P7Y0C9,A0A1P7Y0C9,0.5,10
A0A1P7Y0C9,A0A1P7Y0D0,A0A1P7Y0C9,0.5,10
A0A1P7Y0C9,A0A1P7Y0D4,A0A1P7Y0C9,0.5,10
A0A1P7Y0C9,C9E894,A0A1P7Y0C9,0.5,10
A0A1P7Y0C9,D2K762,A0A1P7Y0C9,0.5,10
A0A1P7Y0C9,O48666,A0A1P7Y0C9,0.5,10
A0A1P7Y0C9,P53799,A0A1P7Y0C9,0.5,10
A0A1P7Y0C9,P53800,A0A1P7Y0C9,0.5,10
A0A1U8QGE6,A0A0U5GJ41,A0A1U8QGE6,0.5,2
A0A1U8QGE6,A0A1U8QGE6,A0A1U8QGE6,0.5,2
A0A1U8QHE3,A0A1U8QHE3,A0A1U8QHE3,0.5,1
A0A1V0E492,A0A1V0E492,A0A1V0E492,0.5,2
A0A1V0E492,A0A1V0E4A6,A0A1V0E492,0.5,2
A0A1V1FNZ5,A0A1V1FNZ5,A0A1V1FNZ5,0.5,1
A0A1W6QDI6,A0A075FBT3,A0A1W6QDI6,0.5,16
A0A1W6QDI6,A0A0U4CDK4,A0A1W6QDI6,0.5,16
A0A1W6QDI6,A0A1W6QDI6,A0A1W6QDI6,0.5,16
A0A1W6QDI6,A0A1X9ISP7,A0A1W6QDI6,0.5,16
A0A1W6QDI6,A0A1Z3GBK8,A0A1W6QDI6,0.5,16
A0A1W6QDI6,A0A1Z3GC64,A0A1W6QDI6,0.5,16
A0A1W6QDI6,A0A2K9RFY0,A0A1W6QDI6,0.5,16
A0A1W6QDI6,A0A3G1QTS7,A0A1W6QDI6,0.5,16
A0A1W6QDI6,A0A5P8DI06,A0A1W6QDI6,0.5,16
A0A1W6QDI6,B9T625,A0A1W6QDI6,0.5,16
A0A1W6QDI6,H6VLG5,A0A1W6QDI6,0.5,16
A0A1W6QDI6,K4IAL8,A0A1W6QDI6,0.5,16
A0A1W6QDI6,Q39548,A0A1W6QDI6,0.5,16
A0A1W6QDI6,Q9SAK2,A0A1W6QDI6,0.5,16
A0A1W6QDI6,Q9XEH9,A0A1W6QDI6,0.5,16
A0A1W6QDI6,Q9XEI0,A0A1W6QDI6,0.5,16
A0A1W6QDI7,A0A075FBG7,A0A1W6QDI7,0.5,7
A0A1W6QDI7,A0A1W6QDI7,A0A1W6QDI7,0.5,7
A0A1W6QDI7,A0A2K9RFZ2,A0A1W6QDI7,0.5,7
A0A1W6QDI7,A0A2K9RFZ9,A0A1W6QDI7,0.5,7
A0A1W6QDI7,A0A5P8DI07,A0A1W6QDI7,0.5,7
A0A1W6QDI7,C8XPS0,A0A1W6QDI7,0.5,7
A0A1W6QDI7,G8GJ94,A0A1W6QDI7,0.5,7
A0A1X9IRP7,A0A075FA51,A0A1X9IRP7,0.5,12
A0A1X9IRP7,A0A075FAK4,A0A1X9IRP7,0.5,12
A0A1X9IRP7,A0A1X9IRP7,A0A1X9IRP7,0.5,12
A0A1X9IRP7,A0A1X9IRQ7,A0A1X9IRP7,0.5,12
A0A1X9IRP7,A0A1X9IRT6,A0A1X9IRP7,0.5,12
A0A1X9IRP7,A0A2K9RFZ7,A0A1X9IRP7,0.5,12
A0A1X9IRP7,A0A2K9RFZ8,A0A1X9IRP7,0.5,12
A0A1X9IRP7,A0A5P8DHZ6,A0A1X9IRP7,0.5,12
A0A1X9IRP7,B8PQ84,A0A1X9IRP7,0.5,12
A0A1X9IRP7,G3CCC0,A0A1X9IRP7,0.5,12
A0A1X9IRP7,G8GJ95,A0A1X9IRP7,0.5,12
A0A1X9IRP7,G8GJ96,A0A1X9IRP7,0.5,12
A0A1X9ISH5,A0A1X9ISH5,A0A1X9ISH5,0.5,1
A0A1Y0BRF2,A0A1Y0BRF2,A0A1Y0BRF2,0.5,3
A0A1Y0BRF2,B6HUQ4,A0A1Y0BRF2,0.5,3
A0A1Y0BRF2,Q0C8A1,A0A1Y0BRF2,0.5,3
A0A1Y0BRF4,A0A1Y0BRF4,A0A1Y0BRF4,0.5,2
A0A1Y0BRF4,B6HV38,A0A1Y0BRF4,0.5,2
A0A1Y0BRF5,A0A1Y0BRF5,A0A1Y0BRF5,0.5,2
A0A1Y0BRF5,B6HV37,A0A1Y0BRF5,0.5,2
A0A1Y1C7Q5,A0A1Y1C7Q5,A0A1Y1C7Q5,0.5,1
A0A1Y1C7S2,A0A1Y1C7S2,A0A1Y1C7S2,0.5,1
A0A1Z3GCD1,A0A1Z3GCD1,A0A1Z3GCD1,0.5,2
A0A1Z3GCD1,A0A3G1QTT3,A0A1Z3GCD1,0.5,2
A0A284RNH4,A0A0D2L718,A0A284RNH4,0.5,11
A0A284RNH4,A0A284RNH4,A0A284RNH4,0.5,11
A0A284RNH4,A0A348B784,A0A284RNH4,0.5,11
A0A284RNH4,A0A348B790,A0A284RNH4,0.5,11
A0A284RNH4,A0A4S8MAF3,A0A284RNH4,0.5,11
A0A284RNH4,A0A5Q0QN66,A0A284RNH4,0.5,11
A0A284RNH4,A0A5Q0QNH9,A0A284RNH4,0.5,11
A0A284RNH4,P0DL13,A0A284RNH4,0.5,11
A0A284RNH4,P9WEW0,A0A284RNH4,0.5,11
A0A284RNH4,P9WEW1,A0A284RNH4,0.5,11
A0A284RNH4,P9WEW2,A0A284RNH4,0.5,11
A0A2I1BSV9,A0A097ZPE0,A0A2I1BSV9,0.5,9
A0A2I1BSV9,A0A0F7U103,A0A2I1BSV9,0.5,9
A0A2I1BSV9,A0A0U5GFS8,A0A2I1BSV9,0.5,9
A0A2I1BSV9,A0A1E1FFN8,A0A2I1BSV9,0.5,9
A0A2I1BSV9,A0A1Y0BRF1,A0A2I1BSV9,0.5,9
A0A2I1BSV9,A0A2I1BSV9,A0A2I1BSV9,0.5,9
A0A2I1BSV9,B6HV32,A0A2I1BSV9,0.5,9
A0A2I1BSV9,Q0C8A4,A0A2I1BSV9,0.5,9
A0A2I1BSV9,Q5ATJ7,A0A2I1BSV9,0.5,9
A0A2I1BSW0,A0A2I1BSW0,A0A2I1BSW0,0.5,1
A0A2I1BSW6,A0A2I1BSW6,A0A2I1BSW6,0.5,1
A0A2I1BSX0,A0A2I1BSX0,A0A2I1BSX0,0.5,1
A0A2I1BSZ6,A0A2I1BSZ6,A0A2I1BSZ6,0.5,1
A0A2I1BT09,A0A097ZPE3,A0A2I1BT09,0.5,9
A0A2I1BT09,A0A0F7TXA1,A0A2I1BT09,0.5,9
A0A2I1BT09,A0A0U5CJV1,A0A2I1BT09,0.5,9
A0A2I1BT09,A0A1E1FFM8,A0A2I1BT09,0.5,9
A0A2I1BT09,A0A1Y0BRF7,A0A2I1BT09,0.5,9
A0A2I1BT09,A0A2I1BT09,A0A2I1BT09,0.5,9
A0A2I1BT09,B6HV35,A0A2I1BT09,0.5,9
A0A2I1BT09,Q0C8A6,A0A2I1BT09,0.5,9
A0A2I1BT09,Q5AR21,A0A2I1BT09,0.5,9
A0A2I1BT15,A0A2I1BT15,A0A2I1BT15,0.5,1
A0A2I1BT56,A0A2I1BT56,A0A2I1BT56,0.5,1
A0A2I6PIZ1,A0A2I6PIZ1,A0A2I6PIZ1,0.5,1
A0A2I6PIZ6,A0A2I6PIZ6,A0A2I6PIZ6,0.5,1
A0A2I6PIZ7,A0A0E3D8M5,A0A2I6PIZ7,0.5,3
A0A2I6PIZ7,A0A2I6PIZ7,A0A2I6PIZ7,0.5,3
A0A2I6PIZ7,Q9C451,A0A2I6PIZ7,0.5,3
A0A2I6PIZ8,A0A2I6PIZ8,A0A2I6PIZ8,0.5,1
A0A2I6PIZ9,A0A2I6PIZ9,A0A2I6PIZ9,0.5,1
A0A2I6PJ00,A0A2I6PJ00,A0A2I6PJ00,0.5,1
A0A2I6PJ01,A0A2I6PJ01,A0A2I6PJ01,0.5,1
A0A2I6PJ02,A0A0E3D8N0,A0A2I6PJ02,0.5,2
A0A2I6PJ02,A0A2I6PJ02,A0A2I6PJ02,0.5,2
A0A2I6PJ08,A0A2I6PJ08,A0A2I6PJ08,0.5,1
A0A2I6PJ12,A0A2I6PJ12,A0A2I6PJ12,0.5,1
A0A2P1DP74,A0A2P1DP74,A0A2P1DP74,0.5,1
A0A2P1DP75,A0A2P1DP75,A0A2P1DP75,0.5,1
A0A2P1DP77,A0A2P1DP77,A0A2P1DP77,0.5,1
A0A2P1DP82,A0A2P1DP82,A0A2P1DP82,0.5,1
A0A2P1DP87,A0A2P1DP87,A0A2P1DP87,0.5,1
A0A2P1DP90,A0A2P1DP90,A0A2P1DP90,0.5,1
A0A2P1DP91,A0A2P1DP91,A0A2P1DP91,0.5,1
A0A2P1DP94,A0A2P1DP94,A0A2P1DP94,0.5,1
A0A2P1DP98,A0A2P1DP98,A0A2P1DP98,0.5,1
A0A2P1DPA5,A0A2P1DPA5,A0A2P1DPA5,0.5,1
A0A2R4QKX7,A0A2R4QKX7,A0A2R4QKX7,0.5,1
A0A2U8U2K8,A0A2U8U2K8,A0A2U8U2K8,0.5,1
A0A2U8U2L0,A0A2U8U2L0,A0A2U8U2L0,0.5,1
A0A2U8U2L2,A0A2U8U2L2,A0A2U8U2L2,0.5,1
A0A2U8U2L4,A0A2U8U2L4,A0A2U8U2L4,0.5,1
A0A2U8U2M8,A0A2U8U2M8,A0A2U8U2M8,0.5,1
A0A2Z4HPY0,A0A2Z4HPY0,A0A2Z4HPY0,0.5,1
A0A2Z4HPY4,A0A2Z4HPY4,A0A2Z4HPY4,0.5,1
A0A2Z4HPY5,A0A2Z4HPY5,A0A2Z4HPY5,0.5,1
A0A2Z4HPZ0,A0A2Z4HPZ0,A0A2Z4HPZ0,0.5,1
A0A2Z4HPZ5,A0A2Z4HPZ5,A0A2Z4HPZ5,0.5,1
A0A2Z4HPZ6,A0A2Z4HPZ6,A0A2Z4HPZ6,0.5,1
A0A2Z4HPZ7,A0A2Z4HPZ7,A0A2Z4HPZ7,0.5,1
A0A2Z4HPZ8,A0A2Z4HPZ8,A0A2Z4HPZ8,0.5,1
A0A2Z6AQX7,A0A2Z6AQX7,A0A2Z6AQX7,0.5,4
A0A2Z6AQX7,P9WEP0,A0A2Z6AQX7,0.5,4
A0A2Z6AQX7,P9WEV2,A0A2Z6AQX7,0.5,4
A0A2Z6AQX7,Q0CRW6,A0A2Z6AQX7,0.5,4
A0A2Z6FZ19,A0A2Z6FZ19,A0A2Z6FZ19,0.5,1
A0A2Z6FZ20,A0A2Z6FZ20,A0A2Z6FZ20,0.5,1
A0A2Z6FZ31,A0A2Z6FZ31,A0A2Z6FZ31,0.5,1
A0A2Z6FZX4,A0A2Z6FZX4,A0A2Z6FZX4,0.5,1
A0A343W969,A0A343W969,A0A343W969,0.5,1
A0A343W970,A0A343W970,A0A343W970,0.5,1
A0A345BJQ0,A0A345BJQ0,A0A345BJQ0,0.5,4
A0A345BJQ0,A0A3G1DJL2,A0A345BJQ0,0.5,4
A0A345BJQ0,Q7S4Z6,A0A345BJQ0,0.5,4
A0A345BJQ0,V6RPN0,A0A345BJQ0,0.5,4
A0A348B780,A0A348B779,A0A348B780,0.5,5
A0A348B780,A0A348B780,A0A348B780,0.5,5
A0A348B780,A0A5Q0QRJ3,A0A348B780,0.5,5
A0A348B780,A0A5Q0QU70,A0A348B780,0.5,5
A0A348B780,A8NE23,A0A348B780,0.5,5
A0A348B781,A0A348B781,A0A348B781,0.5,1
A0A348B782,A0A348B782,A0A348B782,0.5,1
A0A348B785,A0A348B785,A0A348B785,0.5,2
A0A348B785,W4JX79,A0A348B785,0.5,2
A0A348B788,A0A348B788,A0A348B788,0.5,1
A0A348B793,A0A348B793,A0A348B793,0.5,1
A0A348B794,A0A348B794,A0A348B794,0.5,1
A0A385AJM4,A0A151ZEA6,A0A385AJM4,0.5,6
A0A385AJM4,A0A385AJM2,A0A385AJM4,0.5,6
A0A385AJM4,A0A385AJM4,A0A385AJM4,0.5,6
A0A385AJM4,F0ZLU4,A0A385AJM4,0.5,6
A0A385AJM4,F4Q7D4,A0A385AJM4,0.5,6
A0A385AJM4,Q54P86,A0A385AJM4,0.5,6
A0A385AJM5,A0A385AJM5,A0A385AJM5,0.5,1
A0A385AJM6,A0A385AJM6,A0A385AJM6,0.5,1
A0A385AJN0,A0A385AJN0,A0A385AJN0,0.5,1
A0A386JV86,A0A386JV86,A0A386JV86,0.5,1
A0A386KZI3,A0A386KZI3,A0A386KZI3,0.5,1
A0A3G9GNJ4,A0A3G9GNJ4,A0A3G9GNJ4,0.5,1
A0A3G9GNK2,A0A3G9GNK2,A0A3G9GNK2,0.5,1
A0A3G9GQ29,A0A3G9GQ29,A0A3G9GQ29,0.5,1
A0A3G9GR23,A0A3G9GR23,A0A3G9GR23,0.5,1
A0A3G9GUR6,A0A3G9GUR6,A0A3G9GUR6,0.5,1
A0A3G9H185,A0A3G9H185,A0A3G9H185,0.5,1
A0A3L6G2C1,A0A1D6EFT8,A0A3L6G2C1,0.5,3
A0A3L6G2C1,A0A291LSD6,A0A3L6G2C1,0.5,3
A0A3L6G2C1,A0A3L6G2C1,A0A3L6G2C1,0.5,3
A0A3Q7GFB5,A0A3Q7GFB5,A0A3Q7GFB5,0.5,1
A0A3Q9FEJ4,A0A3Q9FEJ4,A0A3Q9FEJ4,0.5,1
A0A3Q9FFM1,A0A2Z6AQX6,A0A3Q9FFM1,0.5,2
A0A3Q9FFM1,A0A3Q9FFM1,A0A3Q9FFM1,0.5,2
A0A3S9NM20,A0A3S9NM20,A0A3S9NM20,0.5,1
A0A3T0ZHJ0,A0A3T0ZHJ0,A0A3T0ZHJ0,0.5,1
A0A3T0ZHJ5,A0A3T0ZHJ5,A0A3T0ZHJ5,0.5,2
A0A3T0ZHJ5,A0A8D5M7T9,A0A3T0ZHJ5,0.5,2
A0A3T0ZHL2,A0A098DME4,A0A3T0ZHL2,0.5,12
A0A3T0ZHL2,A0A3G9GX61,A0A3T0ZHL2,0.5,12
A0A3T0ZHL2,A0A3T0ZHL2,A0A3T0ZHL2,0.5,12
A0A3T0ZHL2,A0A8D5M3V0,A0A3T0ZHL2,0.5,12
A0A3T0ZHL2,A4DA41,A0A3T0ZHL2,0.5,12
A0A3T0ZHL2,E9F5F0,A0A3T0ZHL2,0.5,12
A0A3T0ZHL2,H1VM35,A0A3T0ZHL2,0.5,12
A0A3T0ZHL2,K2QVI4,A0A3T0ZHL2,0.5,12
A0A3T0ZHL2,P9WEQ4,A0A3T0ZHL2,0.5,12
A0A3T0ZHL2,P9WEX4,A0A3T0ZHL2,0.5,12
A0A3T0ZHL2,P9WEY1,A0A3T0ZHL2,0.5,12
A0A3T0ZHL2,Q4WLD1,A0A3T0ZHL2,0.5,12
A0A455LM26,A0A455LM26,A0A455LM26,0.5,1
A0A455LN86,A0A455LN86,A0A455LN86,0.5,2
A0A455LN86,A0A455LRW3,A0A455LN86,0.5,2
A0A455LXK0,A0A455LXK0,A0A455LXK0,0.5,2
A0A455LXK0,A0A455M7S4,A0A455LXK0,0.5,2
A0A455M2Y3,A0A455LLX1,A0A455M2Y3,0.5,2
A0A455M2Y3,A0A455M2Y3,A0A455M2Y3,0.5,2
A0A455R413,A0A455R413,A0A455R413,0.5,1
A0A455R4X0,A0A455R4X0,A0A455R4X0,0.5,1
A0A455R4Z0,A0A455R4Z0,A0A455R4Z0,0.5,1
A0A455R5H4,A0A455R5H4,A0A455R5H4,0.5,1
A0A455R5K2,A0A455R5K2,A0A455R5K2,0.5,1
A0A455R5P9,A0A455R5P9,A0A455R5P9,0.5,1
A0A455R624,A0A455R624,A0A455R624,0.5,1
A0A455R7E6,A0A455R7E6,A0A455R7E6,0.5,1
A0A455R7M0,A0A455R7M0,A0A455R7M0,0.5,1
A0A455RAK9,A0A455RAK9,A0A455RAK9,0.5,1
A0A484FVL2,A0A484FVL2,A0A484FVL2,0.5,1
A0A484FXR4,A0A484FXR4,A0A484FXR4,0.5,1
A0A4D6IA24,A0A386KZ50,A0A4D6IA24,0.5,2
A0A4D6IA24,A0A4D6IA24,A0A4D6IA24,0.5,2
A0A4D6Q415,A0A4D6Q415,A0A4D6Q415,0.5,1
A0A4P8GEA3,A0A2U8U2M1,A0A4P8GEA3,0.5,2
A0A4P8GEA3,A0A4P8GEA3,A0A4P8GEA3,0.5,2
A0A4P8GEB4,A0A4P8GEB4,A0A4P8GEB4,0.5,1
A0A4P8GEE8,A0A4P8GEE8,A0A4P8GEE8,0.5,1
A0A4P8GF19,A0A4P8GF19,A0A4P8GF19,0.5,1
A0A4P8GFV8,A0A2U8U2L5,A0A4P8GFV8,0.5,2
A0A4P8GFV8,A0A4P8GFV8,A0A4P8GFV8,0.5,2
A0A4P8GG75,A0A2U8U2L3,A0A4P8GG75,0.5,2
A0A4P8GG75,A0A4P8GG75,A0A4P8GG75,0.5,2
A0A4V1E8I5,A0A2U8U2L6,A0A4V1E8I5,0.5,2
A0A4V1E8I5,A0A4V1E8I5,A0A4V1E8I5,0.5,2
A0A516F405,A0A516F405,A0A516F405,0.5,1
A0A5Q0QMX0,A0A5Q0QMX0,A0A5Q0QMX0,0.5,1
A0A5Q0QMX1,A0A5Q0QMX1,A0A5Q0QMX1,0.5,1
A0A5Q0QMX6,A0A5Q0QMX6,A0A5Q0QMX6,0.5,1
A0A5Q0QNJ2,A0A5Q0QNJ2,A0A5Q0QNJ2,0.5,1
A0A5Q0QRK8,A0A5Q0QRK8,A0A5Q0QRK8,0.5,1
A0A6S6QR11,A0A2L0VXR0,A0A6S6QR11,0.5,2
A0A6S6QR11,A0A6S6QR11,A0A6S6QR11,0.5,2
A0A7D0AGU9,A0A7D0AGU9,A0A7D0AGU9,0.5,12
A0A7D0AGU9,E9F5E9,A0A7D0AGU9,0.5,12
A0A7D0AGU9,H1VQB1,A0A7D0AGU9,0.5,12
A0A7D0AGU9,I1RL14,A0A7D0AGU9,0.5,12
A0A7D0AGU9,J7FIX8,A0A7D0AGU9,0.5,12
A0A7D0AGU9,P9WEQ2,A0A7D0AGU9,0.5,12
A0A7D0AGU9,P9WEW8,A0A7D0AGU9,0.5,12
A0A7D0AGU9,P9WEX3,A0A7D0AGU9,0.5,12
A0A7D0AGU9,P9WEX9,A0A7D0AGU9,0.5,12
A0A7D0AGU9,Q4WBI4,A0A7D0AGU9,0.5,12
A0A7D0AGU9,Q672V6,A0A7D0AGU9,0.5,12
A0A7D0AGU9,Q9C446,A0A7D0AGU9,0.5,12
A0A7G5KLV2,A0A7G5KLV2,A0A7G5KLV2,0.5,1
A0A7J6FUX2,A0A1V0QSG9,A0A7J6FUX2,0.5,2
A0A7J6FUX2,A0A7J6FUX2,A0A7J6FUX2,0.5,2
A0A7J6HWR9,A0A1V0QSH7,A0A7J6HWR9,0.5,4
A0A7J6HWR9,A0A7J6HWR9,A0A7J6HWR9,0.5,4
A0A7J6HWR9,P0C565,A0A7J6HWR9,0.5,4
A0A7J6HWR9,P49350,A0A7J6HWR9,0.5,4
A0A803PDZ0,A0A7J6EK66,A0A803PDZ0,0.5,2
A0A803PDZ0,A0A803PDZ0,A0A803PDZ0,0.5,2
A0A858E4Y6,A0A858E4Y6,A0A858E4Y6,0.5,7
A0A858E4Y6,A0A858E4Y8,A0A858E4Y6,0.5,7
A0A858E4Y6,A0A858E6N7,A0A858E4Y6,0.5,7
A0A858E4Y6,A0A858E7G0,A0A858E4Y6,0.5,7
A0A858E4Y6,A0A858E7J4,A0A858E4Y6,0.5,7
A0A858E4Y6,A0A858E899,A0A858E4Y6,0.5,7
A0A858E4Y6,A0A858EAD5,A0A858E4Y6,0.5,7
A0A8D5M692,A0A8D5M692,A0A8D5M692,0.5,1
A0A8D5M8I1,A0A3T0ZHK6,A0A8D5M8I1,0.5,2
A0A8D5M8I1,A0A8D5M8I1,A0A8D5M8I1,0.5,2
A0A8D5RWG4,A0A8D5RWG4,A0A8D5RWG4,0.5,1
A0A8D5RY40,A0A3T0ZHK9,A0A8D5RY40,0.5,2
A0A8D5RY40,A0A8D5RY40,A0A8D5RY40,0.5,2
A0A8D5RZ52,A0A8D5RZ52,A0A8D5RZ52,0.5,1
A0A8H4CUY8,A0A8H4CUY8,A0A8H4CUY8,0.5,1
A0A8H7XMX0,A0A8H7XMX0,A0A8H7XMX0,0.5,1
A0A8H7XP09,A0A8H7XP09,A0A8H7XP09,0.5,3
A0A8H7XP09,A0A8H7XQ49,A0A8H7XP09,0.5,3
A0A8H7XP09,A0A8H8CFI5,A0A8H7XP09,0.5,3
A0A8K1AW51,A0A8K1AW51,A0A8K1AW51,0.5,1
A0A8K1AW54,A0A0P0ZEA9,A0A8K1AW54,0.5,3
A0A8K1AW54,A0A1L9WQK2,A0A8K1AW54,0.5,3
A0A8K1AW54,A0A8K1AW54,A0A8K1AW54,0.5,3
A0A8K1AWG4,A0A8K1AWG4,A0A8K1AWG4,0.5,1
A0SJQ5,A0SJQ5,A0SJQ5,0.5,2
A0SJQ5,Q92459,A0SJQ5,0.5,2
A1C8C2,A0A1V1FNM9,A1C8C2,0.5,4
A1C8C2,A1C8C2,A1C8C2,0.5,4
A1C8C2,L0N063,A1C8C2,0.5,4
A1C8C2,M2V933,A1C8C2,0.5,4
A1C8C3,A0A0U5G0B1,A1C8C3,0.5,4
A1C8C3,A0A1V1FVQ6,A1C8C3,0.5,4
A1C8C3,A1C8C3,A1C8C3,0.5,4
A1C8C3,M2V8C1,A1C8C3,0.5,4
A1C8C5,A1C8C5,A1C8C5,0.5,2
A1C8C5,M2URK9,A1C8C5,0.5,2
A1DN29,A1DN29,A1DN29,0.5,1
A1DN30,A1DN30,A1DN30,0.5,1
A2PZA5,A2PZA5,A2PZA5,0.5,1
A4D9R2,A4D9R2,A4D9R2,0.5,1
A4D9R3,A4D9R3,A4D9R3,0.5,1
A4FG19,A4FG19,A4FG19,0.5,1
A5A8G0,A5A8G0,A5A8G0,0.5,1
A5PHD6,A0A4P8GHJ1,A5PHD6,0.5,2
A5PHD6,A5PHD6,A5PHD6,0.5,2
A7NH01,A7NH01,A7NH01,0.5,1
A9AWD5,A9AWD5,A9AWD5,0.5,1
A9FZ87,A9FZ87,A9FZ87,0.5,1
A9GK58,A9GK58,A9GK58,0.5,1
A9JPE1,A9JPE1,A9JPE1,0.5,1
A9JPE4,A9JPE4,A9JPE4,0.5,1
B1B1U3,B1B1U3,B1B1U3,0.5,4
B1B1U3,B1B1U4,B1B1U3,0.5,4
B1B1U3,D2YZP9,B1B1U3,0.5,4
B1B1U3,Q0VHD6,B1B1U3,0.5,4
B1W019,B1W019,B1W019,0.5,1
B2C4D0,A0A3L6G998,B2C4D0,0.5,2
B2C4D0,B2C4D0,B2C4D0,0.5,2
B2DBF0,B2DBF0,B2DBF0,0.5,1
B2DBF1,B2DBF1,B2DBF1,0.5,1
B2J4A4,B2J4A4,B2J4A4,0.5,1
B2KSJ5,B2KSJ5,B2KSJ5,0.5,1
B2KSJ6,B2KSJ6,B2KSJ6,0.5,1
B3TPQ6,A0A7G5KLV1,B3TPQ6,0.5,2
B3TPQ6,B3TPQ6,B3TPQ6,0.5,2
B3Y522,B3Y522,B3Y522,0.5,1
B4FVP3,A0A1D6GQ67,B4FVP3,0.5,2
B4FVP3,B4FVP3,B4FVP3,0.5,2
B5GMG2,B5GMG2,B5GMG2,0.5,1
B5GRC8,B5GRC8,B5GRC8,0.5,1
B5GS26,B5GS26,B5GS26,0.5,1
B5GW45,B5GW45,B5GW45,0.5,1
B5H7H3,B5H7H3,B5H7H3,0.5,1
B5HDJ6,B5HDJ6,B5HDJ6,0.5,1
B6HFX8,A0A348DU52,B6HFX8,0.5,3
B6HFX8,B6HFX8,B6HFX8,0.5,3
B6HFX8,W6QAE7,B6HFX8,0.5,3
B6HUQ5,B6HUQ5,B6HUQ5,0.5,1
B6HV33,A0A1Y0BRF3,B6HV33,0.5,2
B6HV33,B6HV33,B6HV33,0.5,2
B6HV36,A0A097ZPF7,B6HV36,0.5,7
B6HV36,A0A0U5CJU6,B6HV36,0.5,7
B6HV36,A0A1E1FFL6,B6HV36,0.5,7
B6HV36,A0A1Y0BRF9,B6HV36,0.5,7
B6HV36,A0A2I1BSV1,B6HV36,0.5,7
B6HV36,B6HV36,B6HV36,0.5,7
B6HV36,C8VQ98,B6HV36,0.5,7
B6HV39,A0A0F7U1Z8,B6HV39,0.5,8
B6HV39,A0A0U5GFQ6,B6HV39,0.5,8
B6HV39,A0A1E1FFN5,B6HV39,0.5,8
B6HV39,A0A1Y0BRG0,B6HV39,0.5,8
B6HV39,A0A2I1BSV7,B6HV39,0.5,8
B6HV39,B6HV39,B6HV39,0.5,8
B6HV39,C8VE82,B6HV39,0.5,8
B6HV39,Q0C8A3,B6HV39,0.5,8
B8NHE0,B8NHE0,B8NHE0,0.5,1
B8NHE1,B8NHE1,B8NHE1,0.5,1
B8NHE4,A0A1L9WUW3,B8NHE4,0.5,2
B8NHE4,B8NHE4,B8NHE4,0.5,2
B8PD44,A0A5Q0QP64,B8PD44,0.5,4
B8PD44,A0A8H8CMW1,B8PD44,0.5,4
B8PD44,A8NU13,B8PD44,0.5,4
B8PD44,B8PD44,B8PD44,0.5,4
B8XA41,B8XA41,B8XA41,0.5,3
B8XA41,C1K5M3,B8XA41,0.5,3
B8XA41,G3CCC1,B8XA41,0.5,3
B9RHP7,A0A7G5KLV3,B9RHP7,0.5,5
B9RHP7,B9RHP7,B9RHP7,0.5,5
B9RHP7,Q5SBP3,B9RHP7,0.5,5
B9RHP7,Q6USK1,B9RHP7,0.5,5
B9RHP7,R4YVJ8,B9RHP7,0.5,5
B9RI00,B9RI00,B9RI00,0.5,3
B9RI00,B9S1N2,B9RI00,0.5,3
B9RI00,B9SBU9,B9RI00,0.5,3
B9RXW0,B9RXW0,B9RXW0,0.5,2
B9RXW0,Q84LB2,B9RXW0,0.5,2
B9SIM3,B9SIL7,B9SIM3,0.5,3
B9SIM3,B9SIM2,B9SIM3,0.5,3
B9SIM3,B9SIM3,B9SIM3,0.5,3
C1K5M2,C1K5M2,C1K5M2,0.5,2
C1K5M2,K7WQ45,C1K5M2,0.5,2
C5I9X1,C5I9X1,C5I9X1,0.5,1
C7PLV2,C7PLV2,C7PLV2,0.5,1
C9K1X5,C9K1X5,C9K1X5,0.5,1
C9K1X7,C9K1X6,C9K1X7,0.5,2
C9K1X7,C9K1X7,C9K1X7,0.5,2
C9K2Q2,C9K2Q2,C9K2Q2,0.5,1
C9K2Q3,C9K2Q3,C9K2Q3,0.5,1
D0VMR8,D0VMR5,D0VMR8,0.5,4
D0VMR8,D0VMR6,D0VMR8,0.5,4
D0VMR8,D0VMR7,D0VMR8,0.5,4
D0VMR8,D0VMR8,D0VMR8,0.5,4
D1MX85,D1MX85,D1MX85,0.5,1
D1MX86,D1MX86,D1MX86,0.5,1
D1MX87,D1MX87,D1MX87,0.5,1
D1MX88,D1MX88,D1MX88,0.5,1
D1MX89,D1MX89,D1MX89,0.5,1
D2B747,D2B747,D2B747,0.5,1
D5SJ87,D5SJ87,D5SJ87,0.5,1
D5SK09,D5SK09,D5SK09,0.5,1
D5SL78,D5SL78,D5SL78,0.5,1
D7PHY9,D7PHY9,D7PHY9,0.5,1
D7PHZ0,D7PHZ0,D7PHZ0,0.5,1
D7PHZ1,D7PHZ1,D7PHZ1,0.5,1
D7PHZ2,D7PHZ2,D7PHZ2,0.5,1
D7PHZ3,D7PHZ3,D7PHZ3,0.5,1
D7PHZ4,D7PHZ4,D7PHZ4,0.5,1
D7PHZ5,D7PHZ5,D7PHZ5,0.5,1
D7PHZ6,D7PHZ6,D7PHZ6,0.5,1
D7PHZ7,D7PHZ7,D7PHZ7,0.5,1
D7PHZ8,D7PHZ8,D7PHZ8,0.5,1
D7PHZ9,D7PHZ9,D7PHZ9,0.5,1
D7UTD0,D7UTD0,D7UTD0,0.5,1
D7UTD1,D7UTD1,D7UTD1,0.5,2
D7UTD1,E0D7H6,D7UTD1,0.5,2
D8RLD3,D8RLD3,D8RLD3,0.5,2
D8RLD3,J9R1J8,D8RLD3,0.5,2
D8RNZ9,D8RNZ9,D8RNZ9,0.5,1
D8S255,D8S255,D8S255,0.5,1
D9XD61,D9XD61,D9XD61,0.5,1
D9XDR8,D9XDR8,D9XDR8,0.5,1
E0D7H5,E0D7H5,E0D7H5,0.5,1
E2IUB0,A0A067DDU9,E2IUB0,0.5,58
E2IUB0,A0A067ECN5,E2IUB0,0.5,58
E2IUB0,A0A067FI21,E2IUB0,0.5,58
E2IUB0,A0A0S2IHL6,E2IUB0,0.5,58
E2IUB0,A0A0U2U4F3,E2IUB0,0.5,58
E2IUB0,A0A125SXN1,E2IUB0,0.5,58
E2IUB0,A0A125SXN2,E2IUB0,0.5,58
E2IUB0,A0A125SXN3,E2IUB0,0.5,58
E2IUB0,A0A5B8NBE6,E2IUB0,0.5,58
E2IUB0,A0A5B8NBN0,E2IUB0,0.5,58
E2IUB0,A0AAW1L0L7,E2IUB0,0.5,58
E2IUB0,A8C980,E2IUB0,0.5,58
E2IUB0,A8C981,E2IUB0,0.5,58
E2IUB0,A8CDT2,E2IUB0,0.5,58
E2IUB0,A8CDT3,E2IUB0,0.5,58
E2IUB0,B6EXY6,E2IUB0,0.5,58
E2IUB0,B9X0J1,E2IUB0,0.5,58
E2IUB0,E2IUA6,E2IUB0,0.5,58
E2IUB0,E2IUA7,E2IUB0,0.5,58
E2IUB0,E2IUA8,E2IUB0,0.5,58
E2IUB0,E2IUA9,E2IUB0,0.5,58
E2IUB0,E2IUB0,E2IUB0,0.5,58
E2IUB0,E7DN63,E2IUB0,0.5,58
E2IUB0,E7DN64,E2IUB0,0.5,58
E2IUB0,F8WQD0,E2IUB0,0.5,58
E2IUB0,H2KWF1,E2IUB0,0.5,58
E2IUB0,K7NBZ9,E2IUB0,0.5,58
E2IUB0,O82139,E2IUB0,0.5,58
E2IUB0,O82140,E2IUB0,0.5,58
E2IUB0,O82146,E2IUB0,0.5,58
E2IUB0,P0C8Y0,E2IUB0,0.5,58
E2IUB0,P0DXI1,E2IUB0,0.5,58
E2IUB0,P0DXI2,E2IUB0,0.5,58
E2IUB0,P38605,E2IUB0,0.5,58
E2IUB0,Q08IT1,E2IUB0,0.5,58
E2IUB0,Q1G1A4,E2IUB0,0.5,58
E2IUB0,Q2R712,E2IUB0,0.5,58
E2IUB0,Q2XPU6,E2IUB0,0.5,58
E2IUB0,Q2XPU7,E2IUB0,0.5,58
E2IUB0,Q55D85,E2IUB0,0.5,58
E2IUB0,Q6BE23,E2IUB0,0.5,58
E2IUB0,Q6BE24,E2IUB0,0.5,58
E2IUB0,Q6BE25,E2IUB0,0.5,58
E2IUB0,Q6Z2X6,E2IUB0,0.5,58
E2IUB0,Q764T8,E2IUB0,0.5,58
E2IUB0,Q8RWT0,E2IUB0,0.5,58
E2IUB0,Q8W3Z1,E2IUB0,0.5,58
E2IUB0,Q8W3Z2,E2IUB0,0.5,58
E2IUB0,Q8W3Z3,E2IUB0,0.5,58
E2IUB0,Q8W3Z4,E2IUB0,0.5,58
E2IUB0,Q948R6,E2IUB0,0.5,58
E2IUB0,Q9C5M3,E2IUB0,0.5,58
E2IUB0,Q9FZI2,E2IUB0,0.5,58
E2IUB0,Q9LRH7,E2IUB0,0.5,58
E2IUB0,Q9LRH8,E2IUB0,0.5,58
E2IUB0,Q9MB42,E2IUB0,0.5,58
E2IUB0,Q9SLP9,E2IUB0,0.5,58
E2IUB0,Q9SXV6,E2IUB0,0.5,58
E3W206,B5A434,E3W206,0.5,8
E3W206,E3W202,E3W206,0.5,8
E3W206,E3W203,E3W206,0.5,8
E3W206,E3W204,E3W206,0.5,8
E3W206,E3W205,E3W206,0.5,8
E3W206,E3W206,E3W206,0.5,8
E3W206,F6M8H8,E3W206,0.5,8
E3W206,F6M8I0,E3W206,0.5,8
E4MYY0,E4MYY0,E4MYY0,0.5,1
E4N7E5,A0A0B4EB91,E4N7E5,0.5,8
E4N7E5,A0A0B4FWC3,E4N7E5,0.5,8
E4N7E5,A0A0B4G3Q7,E4N7E5,0.5,8
E4N7E5,A0A0B4GN88,E4N7E5,0.5,8
E4N7E5,A0A0B4IF96,E4N7E5,0.5,8
E4N7E5,E4N7E5,E4N7E5,0.5,8
E4N7E5,E9E766,E4N7E5,0.5,8
E4N7E5,E9F8R9,E4N7E5,0.5,8
E8W6C7,E8W6C7,E8W6C7,0.5,1
E9F5E8,A0A0E3D8M2,E9F5E8,0.5,19
E9F5E8,A0A0E3D8Q2,E9F5E8,0.5,19
E9F5E8,A0A0M8MV11,E9F5E8,0.5,19
E9F5E8,A0A140JWT2,E9F5E8,0.5,19
E9F5E8,A0A1B7YCX1,E9F5E8,0.5,19
E9F5E8,A0A2I1BT01,E9F5E8,0.5,19
E9F5E8,A0A2I6PJ07,E9F5E8,0.5,19
E9F5E8,A0A3G9H8P0,E9F5E8,0.5,19
E9F5E8,A9JPE3,E9F5E8,0.5,19
E9F5E8,E3UBL6,E9F5E8,0.5,19
E9F5E8,E9F5E8,E9F5E8,0.5,19
E9F5E8,J7FIJ6,E9F5E8,0.5,19
E9F5E8,K2RU64,E9F5E8,0.5,19
E9F5E8,M1VJS5,E9F5E8,0.5,19
E9F5E8,P9WEX1,E9F5E8,0.5,19
E9F5E8,P9WEX7,E9F5E8,0.5,19
E9F5E8,P9WEY0,E9F5E8,0.5,19
E9F5E8,Q15FB1,E9F5E8,0.5,19
E9F5E8,Q4WLD2,E9F5E8,0.5,19
F0ZDD0,F0ZDD0,F0ZDD0,0.5,1
F0ZK52,F0ZK52,F0ZK52,0.5,1
F0ZL92,F0ZL92,F0ZL92,0.5,1
F0ZPL2,F0ZPL2,F0ZPL2,0.5,1
F1A1D6,F1A1D4,F1A1D6,0.5,3
F1A1D6,F1A1D6,F1A1D6,0.5,3
F1A1D6,Q86II4,F1A1D6,0.5,3
F1A3V1,F0ZHE2,F1A3V1,0.5,2
F1A3V1,F1A3V1,F1A3V1,0.5,2
F1SWA0,F1SWA0,F1SWA0,0.5,1
F8JK18,F8JK18,F8JK18,0.5,1
F8JSS1,A0A2P2GK84,F8JSS1,0.5,2
F8JSS1,F8JSS1,F8JSS1,0.5,2
G0Y7D1,B9RPM3,G0Y7D1,0.5,2
G0Y7D1,G0Y7D1,G0Y7D1,0.5,2
G1DGI7,G1DGI7,G1DGI7,0.5,1
G2P5T1,A0A291SJC7,G2P5T1,0.5,2
G2P5T1,G2P5T1,G2P5T1,0.5,2
G9MAN7,G9MAN7,G9MAN7,0.5,1
H1VQW0,H1VQW0,H1VQW0,0.5,1
H6U1I8,H6U1I8,H6U1I8,0.5,1
H7CE84,H7CE84,H7CE84,0.5,1
H9L9E5,B9S9Z3,H9L9E5,0.5,33
H9L9E5,B9SBV6,H9L9E5,0.5,33
H9L9E5,B9SCB6,H9L9E5,0.5,33
H9L9E5,D0UZK2,H9L9E5,0.5,33
H9L9E5,D5KXD2,H9L9E5,0.5,33
H9L9E5,E2E2N4,H9L9E5,0.5,33
H9L9E5,E2E2N5,H9L9E5,0.5,33
H9L9E5,E2E2N7,H9L9E5,0.5,33
H9L9E5,E2E2N8,H9L9E5,0.5,33
H9L9E5,F6M8H6,H9L9E5,0.5,33
H9L9E5,G5CV54,H9L9E5,0.5,33
H9L9E5,G8H5M8,H9L9E5,0.5,33
H9L9E5,G8H5M9,H9L9E5,0.5,33
H9L9E5,G8H5N1,H9L9E5,0.5,33
H9L9E5,H9L9E5,H9L9E5,0.5,33
H9L9E5,J7LJN5,H9L9E5,0.5,33
H9L9E5,J9R5V4,H9L9E5,0.5,33
H9L9E5,J9RLZ7,H9L9E5,0.5,33
H9L9E5,K4L9M2,H9L9E5,0.5,33
H9L9E5,K4LMW2,H9L9E5,0.5,33
H9L9E5,O49853,H9L9E5,0.5,33
H9L9E5,O64961,H9L9E5,0.5,33
H9L9E5,P0DO48,H9L9E5,0.5,33
H9L9E5,P93665,H9L9E5,0.5,33
H9L9E5,Q39760,H9L9E5,0.5,33
H9L9E5,Q39761,H9L9E5,0.5,33
H9L9E5,Q43714,H9L9E5,0.5,33
H9L9E5,Q5SBP6,H9L9E5,0.5,33
H9L9E5,Q6Q3H2,H9L9E5,0.5,33
H9L9E5,Q94JS8,H9L9E5,0.5,33
H9L9E5,Q9FQ27,H9L9E5,0.5,33
H9L9E5,U3LVL5,H9L9E5,0.5,33
H9L9E5,U3LVZ7,H9L9E5,0.5,33
I1RL11,A0A1B7YCC9,I1RL11,0.5,6
I1RL11,E9F5E7,I1RL11,0.5,6
I1RL11,I1RL11,I1RL11,0.5,6
I1RL11,K2QVI8,I1RL11,0.5,6
I1RL11,P9WEX0,I1RL11,0.5,6
I1RL11,P9WEX6,I1RL11,0.5,6
I1RL12,I1RL12,I1RL12,0.5,1
I1RL13,I1RL13,I1RL13,0.5,1
I1RQ76,I1RQ76,I1RQ76,0.5,1
I1S104,I1S104,I1S104,0.5,1
I1ZHA5,I1ZHA5,I1ZHA5,0.5,1
I2N045,I2N045,I2N045,0.5,1
I6RE61,I6RE61,I6RE61,0.5,1
J7FIP9,J7FIP9,J7FIP9,0.5,1
J7FJH0,J7FJH0,J7FJH0,0.5,1
J7FJH1,J7FJH1,J7FJH1,0.5,1
J7FK08,J7FK08,J7FK08,0.5,1
J9QS23,J9QS23,J9QS23,0.5,2
J9QS23,J9R388,J9QS23,0.5,2
J9QS25,J9QS25,J9QS25,0.5,1
J9R393,J9R393,J9R393,0.5,1
K0K750,K0K750,K0K750,0.5,1
K2RGJ8,I1RL18,K2RGJ8,0.5,2
K2RGJ8,K2RGJ8,K2RGJ8,0.5,2
K2RLM2,K2RLM2,K2RLM2,0.5,1
K2RLM6,H1VN83,K2RLM6,0.5,3
K2RLM6,K2RLM6,K2RLM6,0.5,3
K2RLM6,P9WEW9,K2RLM6,0.5,3
K2RU68,A0A1B7YCL6,K2RU68,0.5,3
K2RU68,I1RL15,K2RU68,0.5,3
K2RU68,K2RU68,K2RU68,0.5,3
K2SUY0,K2SUY0,K2SUY0,0.5,1
K4B6C9,K4B6C9,K4B6C9,0.5,1
K7WDC8,K7WDC8,K7WDC8,0.5,1
K7WDL7,K7WDL7,K7WDL7,0.5,1
L0MXJ1,L0MXJ1,L0MXJ1,0.5,1
L0MXJ3,L0MXJ3,L0MXJ3,0.5,1
L0MXX3,L0MXX3,L0MXX3,0.5,1
L0MYS5,L0MYS5,L0MYS5,0.5,1
L0MYS8,L0MYS8,L0MYS8,0.5,1
L0MZK0,L0MZK0,L0MZK0,0.5,1
L0MZK4,L0MZK4,L0MZK4,0.5,1
L0N065,L0N065,L0N065,0.5,1
M1UZ09,M1UZ09,M1UZ09,0.5,2
M1UZ09,Q15FB3,M1UZ09,0.5,2
M1V8J8,M1V8J8,M1V8J8,0.5,3
M1V8J8,Q56RZ1,M1V8J8,0.5,3
M1V8J8,Q56RZ5,M1V8J8,0.5,3
M1V9Q0,M1V9Q0,M1V9Q0,0.5,1
M1VDX3,M1VDX3,M1VDX3,0.5,1
M1VNH2,A0A0M9VUG7,M1VNH2,0.5,3
M1VNH2,M1VNH2,M1VNH2,0.5,3
M1VNH2,Q15FB4,M1VNH2,0.5,3
M2SPA3,A0A8H5Z7W4,M2SPA3,0.5,2
M2SPA3,M2SPA3,M2SPA3,0.5,2
M2T7Z1,M2T7Z1,M2T7Z1,0.5,1
M2U578,A0A1L7VFX3,M2U578,0.5,3
M2U578,M2U578,M2U578,0.5,3
M2U578,P9WER6,M2U578,0.5,3
M2UJ60,M2UJ60,M2UJ60,0.5,1
M2V0Z8,M2V0Z8,M2V0Z8,0.5,1
M4I1C6,M4I1C6,M4I1C6,0.5,1
M4VQY9,M4VQY9,M4VQY9,0.5,1
M5AW86,M5AW86,M5AW86,0.5,1
N4V6D4,N4V6D4,N4V6D4,0.5,1
O13284,O13284,O13284,0.5,1
O22184,O22184,O22184,0.5,2
O22184,O23651,O22184,0.5,2
O22340,A0A1L6Z3A0,O22340,0.5,56
O22340,C0PPR1,O22340,0.5,56
O22340,C0PT35,O22340,0.5,56
O22340,C0PTH8,O22340,0.5,56
O22340,C3RSF5,O22340,0.5,56
O22340,C7ASI9,O22340,0.5,56
O22340,F1CKI6,O22340,0.5,56
O22340,F1CKI8,O22340,0.5,56
O22340,F1CKI9,O22340,0.5,56
O22340,F1CKJ1,O22340,0.5,56
O22340,F2XF93,O22340,0.5,56
O22340,F2XF94,O22340,0.5,56
O22340,F2XF95,O22340,0.5,56
O22340,F2XF96,O22340,0.5,56
O22340,F2XF98,O22340,0.5,56
O22340,F2XF99,O22340,0.5,56
O22340,F2XFA1,O22340,0.5,56
O22340,F2XFA2,O22340,0.5,56
O22340,F2XFA4,O22340,0.5,56
O22340,F2XFA5,O22340,0.5,56
O22340,F2XFA6,O22340,0.5,56
O22340,F2XFA8,O22340,0.5,56
O22340,O22340,O22340,0.5,56
O22340,O24474,O22340,0.5,56
O22340,O24475,O22340,0.5,56
O22340,Q20HU7,O22340,0.5,56
O22340,Q6XDB5,O22340,0.5,56
O22340,Q84KL3,O22340,0.5,56
O22340,Q84KL4,O22340,0.5,56
O22340,Q84KL5,O22340,0.5,56
O22340,Q84KL6,O22340,0.5,56
O22340,Q84SM8,O22340,0.5,56
O22340,Q948Z0,O22340,0.5,56
O22340,Q9M7C9,O22340,0.5,56
O22340,Q9M7D0,O22340,0.5,56
O22340,Q9M7D1,O22340,0.5,56
O22340,R9QMQ9,O22340,0.5,56
O22340,R9QMR0,O22340,0.5,56
O22340,R9QMR1,O22340,0.5,56
O22340,R9QMR2,O22340,0.5,56
O22340,R9QMR3,O22340,0.5,56
O22340,R9QMR4,O22340,0.5,56
O22340,R9QMR5,O22340,0.5,56
O22340,R9QMR6,O22340,0.5,56
O22340,R9QMW1,O22340,0.5,56
O22340,R9QMW2,O22340,0.5,56
O22340,R9QMW3,O22340,0.5,56
O22340,R9QMW4,O22340,0.5,56
O22340,R9QMW5,O22340,0.5,56
O22340,R9QMW6,O22340,0.5,56
O22340,R9QMW7,O22340,0.5,56
O22340,R9QMW8,O22340,0.5,56
O22340,R9QMY7,O22340,0.5,56
O22340,R9QMY8,O22340,0.5,56
O22340,R9QMY9,O22340,0.5,56
O22340,R9QMZ0,O22340,0.5,56
O23390,O23390,O23390,0.5,7
O23390,Q9FI37,O23390,0.5,7
O23390,Q9FJV8,O23390,0.5,7
O23390,Q9FR95,O23390,0.5,7
O23390,Q9LS68,O23390,0.5,7
O23390,Q9LVY2,O23390,0.5,7
O23390,Q9SYN1,O23390,0.5,7
O34707,O34707,O34707,0.5,1
O48651,O48651,O48651,0.5,1
O50406,O50406,O50406,0.5,1
P00183,P00183,P00183,0.5,1
P0CJ42,P0CJ42,P0CJ42,0.5,2
P0CJ42,P0CJ43,P0CJ42,0.5,2
P0CU77,P0CU77,P0CU77,0.5,1
P0CV94,A0A4Y5QWA6,P0CV94,0.5,11
P0CV94,A0A4Y5QZ62,P0CV94,0.5,11
P0CV94,B9RHX7,P0CV94,0.5,11
P0CV94,B9RXW4,P0CV94,0.5,11
P0CV94,I1M2G5,P0CV94,0.5,11
P0CV94,P0CV94,P0CV94,0.5,11
P0CV94,P0CV95,P0CV94,0.5,11
P0CV94,P0CV96,P0CV94,0.5,11
P0CV94,Q84NC9,P0CV94,0.5,11
P0CV94,Q84ND0,P0CV94,0.5,11
P0CV94,Q84UV0,P0CV94,0.5,11
P0CV97,A0A1V0QSF3,P0CV97,0.5,16
P0CV97,A0A1V0QSF6,P0CV97,0.5,16
P0CV97,A0A1V0QSG6,P0CV97,0.5,16
P0CV97,A0A4Y5L9K3,P0CV97,0.5,16
P0CV97,A0A4Y5QVX6,P0CV97,0.5,16
P0CV97,A0A7J6HK32,P0CV97,0.5,16
P0CV97,B5A435,P0CV97,0.5,16
P0CV97,B6SCF5,P0CV97,0.5,16
P0CV97,B6SCF6,P0CV97,0.5,16
P0CV97,E3W207,P0CV97,0.5,16
P0CV97,E3W208,P0CV97,0.5,16
P0CV97,F6M8H5,P0CV97,0.5,16
P0CV97,F6M8H7,P0CV97,0.5,16
P0CV97,G8H5M7,P0CV97,0.5,16
P0CV97,O23945,P0CV97,0.5,16
P0CV97,P0CV97,P0CV97,0.5,16
P0DO42,A0A159AKG3,P0DO42,0.5,9
P0DO42,P0DO35,P0DO42,0.5,9
P0DO42,P0DO36,P0DO42,0.5,9
P0DO42,P0DO37,P0DO42,0.5,9
P0DO42,P0DO38,P0DO42,0.5,9
P0DO42,P0DO39,P0DO42,0.5,9
P0DO42,P0DO40,P0DO42,0.5,9
P0DO42,P0DO41,P0DO42,0.5,9
P0DO42,P0DO42,P0DO42,0.5,9
P0DO47,G5CV52,P0DO47,0.5,6
P0DO47,G8H5N0,P0DO47,0.5,6
P0DO47,G8H5N2,P0DO47,0.5,6
P0DO47,G8H5N3,P0DO47,0.5,6
P0DO47,P0DO46,P0DO47,0.5,6
P0DO47,P0DO47,P0DO47,0.5,6
P0DPK6,P0DPK6,P0DPK6,0.5,1
P0DXW0,P0DXW0,P0DXW0,0.5,2
P0DXW0,P9WEG7,P0DXW0,0.5,2
P13513,O13489,P13513,0.5,17
P13513,O59947,P13513,0.5,17
P13513,P13513,P13513,0.5,17
P13513,P27679,P13513,0.5,17
P13513,Q00835,P13513,0.5,17
P13513,Q00909,P13513,0.5,17
P13513,Q6A1B7,P13513,0.5,17
P13513,Q7LJF8,P13513,0.5,17
P13513,Q7LJR6,P13513,0.5,17
P13513,Q8NIC1,P13513,0.5,17
P13513,Q8NIC8,P13513,0.5,17
P13513,Q8NID7,P13513,0.5,17
P13513,Q8NIG9,P13513,0.5,17
P13513,Q8NIH0,P13513,0.5,17
P13513,Q8NIH3,P13513,0.5,17
P13513,Q8NIH6,P13513,0.5,17
P13513,Q8NJA1,P13513,0.5,17
P32476,P32476,P32476,0.5,2
P32476,Q92206,P32476,0.5,2
P33247,P33247,P33247,0.5,1
P40805,P40805,P40805,0.5,1
P55348,B6K412,P55348,0.5,4
P55348,P33990,P55348,0.5,4
P55348,P54924,P55348,0.5,4
P55348,P55348,P55348,0.5,4
P59287,P59287,P59287,0.5,1
P77735,P77735,P77735,0.5,1
P78589,A0A1D8PI71,P78589,0.5,8
P78589,O74165,P78589,0.5,8
P78589,P29704,P78589,0.5,8
P78589,P36596,P78589,0.5,8
P78589,P78589,P78589,0.5,8
P78589,Q752X9,P78589,0.5,8
P78589,Q9HGZ6,P78589,0.5,8
P78589,Q9Y753,P78589,0.5,8
P84466,P48449,P84466,0.5,4
P84466,P48450,P84466,0.5,4
P84466,P84466,P84466,0.5,4
P84466,Q8BLN5,P84466,0.5,4
P85964,A0A1L6Z3A5,P85964,0.5,4
P85964,O81086,P85964,0.5,4
P85964,P85964,P85964,0.5,4
P85964,Q4QSN4,P85964,0.5,4
P9WEE6,P9WEE6,P9WEE6,0.5,1
P9WEE7,P9WEE7,P9WEE7,0.5,1
P9WEF0,P9WEF0,P9WEF0,0.5,1
P9WEG1,P9WEG1,P9WEG1,0.5,1
P9WEG8,P9WEG8,P9WEG8,0.5,1
P9WEP1,P9WEP1,P9WEP1,0.5,1
P9WEP2,P9WEP2,P9WEP2,0.5,1
P9WEP3,P9WEP3,P9WEP3,0.5,1
P9WEP4,P9WEP4,P9WEP4,0.5,1
P9WEQ0,P9WEQ0,P9WEQ0,0.5,1
P9WEQ1,P9WEQ1,P9WEQ1,0.5,1
P9WEQ3,P9WEQ3,P9WEQ3,0.5,1
P9WEQ6,P9WEQ6,P9WEQ6,0.5,1
P9WEQ8,P9WEQ8,P9WEQ8,0.5,2
P9WEQ8,Q4WLD5,P9WEQ8,0.5,2
P9WEQ9,C8VN91,P9WEQ9,0.5,2
P9WEQ9,P9WEQ9,P9WEQ9,0.5,2
P9WER0,A0A5S9I252,P9WER0,0.5,2
P9WER0,P9WER0,P9WER0,0.5,2
P9WER1,P9WER1,P9WER1,0.5,1
P9WER5,P9WER5,P9WER5,0.5,1
P9WEV6,P9WEV6,P9WEV6,0.5,1
P9WEV7,P9WEV7,P9WEV7,0.5,1
P9WEX5,P9WEX5,P9WEX5,0.5,1
P9WEY2,E9F5F1,P9WEY2,0.5,2
P9WEY2,P9WEY2,P9WEY2,0.5,2
P9WEY6,P9WEY5,P9WEY6,0.5,2
P9WEY6,P9WEY6,P9WEY6,0.5,2
P9WEY7,P9WEY4,P9WEY7,0.5,2
P9WEY7,P9WEY7,P9WEY7,0.5,2
P9WPN3,P59954,P9WPN3,0.5,3
P9WPN3,P9WPN2,P9WPN3,0.5,3
P9WPN3,P9WPN3,P9WPN3,0.5,3
Q02769,P37268,Q02769,0.5,5
Q02769,P53798,Q02769,0.5,5
Q02769,Q02769,Q02769,0.5,5
Q02769,Q32KR6,Q02769,0.5,5
Q02769,Q5R6U3,Q02769,0.5,5
Q04782,P38604,Q04782,0.5,2
Q04782,Q04782,Q04782,0.5,2
Q0C898,A0A097ZPC9,Q0C898,0.5,11
Q0C898,A0A0F7U1Z1,Q0C898,0.5,11
Q0C898,A0A0U5GHD4,Q0C898,0.5,11
Q0C898,A0A1E1FFP5,Q0C898,0.5,11
Q0C898,A0A1Y0BRF8,Q0C898,0.5,11
Q0C898,A0A2I1BSW8,Q0C898,0.5,11
Q0C898,A0A3G9HAL8,Q0C898,0.5,11
Q0C898,A0A8D5M6H6,Q0C898,0.5,11
Q0C898,B6HV34,Q0C898,0.5,11
Q0C898,P9WEQ5,Q0C898,0.5,11
Q0C898,Q0C898,Q0C898,0.5,11
Q0C899,Q0C899,Q0C899,0.5,1
Q0C8A0,Q0C8A0,Q0C8A0,0.5,1
Q0C8A2,Q0C8A2,Q0C8A2,0.5,1
Q0C8A7,Q0C8A7,Q0C8A7,0.5,1
Q0C9L5,Q0C9L5,Q0C9L5,0.5,1
Q0CRW7,P9WEV3,Q0CRW7,0.5,2
Q0CRW7,Q0CRW7,Q0CRW7,0.5,2
Q15FB6,Q15FB6,Q15FB6,0.5,1
Q1ZXA1,Q1ZXA1,Q1ZXA1,0.5,1
Q20HU6,C0PPM5,Q20HU6,0.5,7
Q20HU6,F2XF97,Q20HU6,0.5,7
Q20HU6,F2XFA0,Q20HU6,0.5,7
Q20HU6,O64404,Q20HU6,0.5,7
Q20HU6,O64405,Q20HU6,0.5,7
Q20HU6,Q20HU6,Q20HU6,0.5,7
Q20HU6,Q675L0,Q20HU6,0.5,7
Q24FB1,Q24FB1,Q24FB1,0.5,1
Q29VN1,Q29VN1,Q29VN1,0.5,3
Q29VN1,Q29VN2,Q29VN1,0.5,3
Q29VN1,Q6ZH94,Q29VN1,0.5,3
Q29VN3,Q29VN3,Q29VN3,0.5,2
Q29VN3,Q5GJ59,Q29VN3,0.5,2
Q2QQJ5,A0A1D6KUI6,Q2QQJ5,0.5,10
Q2QQJ5,A4KAG7,Q2QQJ5,0.5,10
Q2QQJ5,A4KAG8,Q2QQJ5,0.5,10
Q2QQJ5,Q00G37,Q2QQJ5,0.5,10
Q2QQJ5,Q0E088,Q2QQJ5,0.5,10
Q2QQJ5,Q0JA82,Q2QQJ5,0.5,10
Q2QQJ5,Q1AHB2,Q2QQJ5,0.5,10
Q2QQJ5,Q2QQJ5,Q2QQJ5,0.5,10
Q2QQJ5,Q6BDZ9,Q2QQJ5,0.5,10
Q2QQJ5,Q6Z5J6,Q2QQJ5,0.5,10
Q2U0K2,Q2U0K2,Q2U0K2,0.5,1
Q2XSC5,A0A0M3Q1Q3,Q2XSC5,0.5,38
Q2XSC5,A6XH05,Q2XSC5,0.5,38
Q2XSC5,A6XH06,Q2XSC5,0.5,38
Q2XSC5,C0KWV3,Q2XSC5,0.5,38
Q2XSC5,C0KWV4,Q2XSC5,0.5,38
Q2XSC5,C0KWV5,Q2XSC5,0.5,38
Q2XSC5,C0KWV6,Q2XSC5,0.5,38
Q2XSC5,C0KWV7,Q2XSC5,0.5,38
Q2XSC5,E2E2N3,Q2XSC5,0.5,38
Q2XSC5,E2E2P0,Q2XSC5,0.5,38
Q2XSC5,E2E2P1,Q2XSC5,0.5,38
Q2XSC5,E2E2P2,Q2XSC5,0.5,38
Q2XSC5,K9Y645,Q2XSC5,0.5,38
Q2XSC5,K9Y6Y9,Q2XSC5,0.5,38
Q2XSC5,L0HAM7,Q2XSC5,0.5,38
Q2XSC5,L0HB77,Q2XSC5,0.5,38
Q2XSC5,O81191,Q2XSC5,0.5,38
Q2XSC5,O81192,Q2XSC5,0.5,38
Q2XSC5,O81193,Q2XSC5,0.5,38
Q2XSC5,Q2XSC5,Q2XSC5,0.5,38
Q2XSC5,Q2XSC6,Q2XSC5,0.5,38
Q2XSC5,Q308N0,Q2XSC5,0.5,38
Q2XSC5,Q4JHG3,Q2XSC5,0.5,38
Q2XSC5,Q5SBP0,Q2XSC5,0.5,38
Q2XSC5,Q5SBP1,Q2XSC5,0.5,38
Q2XSC5,Q5SBP2,Q2XSC5,0.5,38
Q2XSC5,Q8H2B4,Q2XSC5,0.5,38
Q2XSC5,R4JGL8,Q2XSC5,0.5,38
Q2XSC5,R4JJJ1,Q2XSC5,0.5,38
Q2XSC5,R4JND9,Q2XSC5,0.5,38
Q2XSC5,R4JQS2,Q2XSC5,0.5,38
Q2XSC5,R4JQT5,Q2XSC5,0.5,38
Q2XSC5,T1RR71,Q2XSC5,0.5,38
Q2XSC5,T1RR72,Q2XSC5,0.5,38
Q2XSC5,T1RRI8,Q2XSC5,0.5,38
Q2XSC5,T1RRJ4,Q2XSC5,0.5,38
Q2XSC5,T1RRL8,Q2XSC5,0.5,38
Q2XSC5,T1RRR9,Q2XSC5,0.5,38
Q39979,A0A140KFG9,Q39979,0.5,29
Q39979,A0A167V661,Q39979,0.5,29
Q39979,A0A1W6GW06,Q39979,0.5,29
Q39979,A0A1W6GW18,Q39979,0.5,29
Q39979,A0A1W6GW32,Q39979,0.5,29
Q39979,A0A348AUV5,Q39979,0.5,29
Q39979,A0A348AUV6,Q39979,0.5,29
Q39979,A0A348AUV7,Q39979,0.5,29
Q39979,A0A348AUV9,Q39979,0.5,29
Q39979,A0A348AUW0,Q39979,0.5,29
Q39979,A0A348AUW1,Q39979,0.5,29
Q39979,G5CV45,Q39979,0.5,29
Q39979,G5CV46,Q39979,0.5,29
Q39979,O65323,Q39979,0.5,29
Q39979,Q39978,Q39979,0.5,29
Q39979,Q39979,Q39979,0.5,29
Q39979,Q39980,Q39979,0.5,29
Q39979,Q40577,Q39979,0.5,29
Q39979,Q49SP5,Q39979,0.5,29
Q39979,Q6Q3H3,Q39979,0.5,29
Q39979,Q84LF0,Q39979,0.5,29
Q39979,Q84LF1,Q39979,0.5,29
Q39979,Q84LF2,Q39979,0.5,29
Q39979,Q84LG0,Q39979,0.5,29
Q39979,Q9XJ32,Q39979,0.5,29
Q39979,T1RRI5,Q39979,0.5,29
Q39979,T1RRJ6,Q39979,0.5,29
Q39979,T1RRS0,Q39979,0.5,29
Q39979,U3KYL2,Q39979,0.5,29
Q41771,A0A1D6K6U5,Q41771,0.5,3
Q41771,Q41771,Q41771,0.5,3
Q41771,Q6ET36,Q41771,0.5,3
Q45221,P55538,Q45221,0.5,2
Q45221,Q45221,Q45221,0.5,2
Q45222,P55537,Q45222,0.5,2
Q45222,Q45222,Q45222,0.5,2
Q49SP4,J7LMP2,Q49SP4,0.5,5
Q49SP4,J7LP58,Q49SP4,0.5,5
Q49SP4,Q49SP3,Q49SP4,0.5,5
Q49SP4,Q49SP4,Q49SP4,0.5,5
Q49SP4,Q49SP6,Q49SP4,0.5,5
Q4WAY3,Q4WAY3,Q4WAY3,0.5,1
Q4WAY4,Q4WAY4,Q4WAY4,0.5,1
Q4WAZ2,Q4WAZ2,Q4WAZ2,0.5,1
Q4WAZ3,Q4WAZ3,Q4WAZ3,0.5,1
Q4WAZ4,Q4WAZ4,Q4WAZ4,0.5,1
Q4WAZ6,Q4WAZ6,Q4WAZ6,0.5,1
Q4WBH9,Q4WBH9,Q4WBH9,0.5,1
Q4WBI0,Q4WBI0,Q4WBI0,0.5,1
Q4WBI3,Q4WBI3,Q4WBI3,0.5,1
Q4WLC8,Q4WLC8,Q4WLC8,0.5,1
Q4WLC9,Q4WLC9,Q4WLC9,0.5,1
Q4WLD4,Q4WLD4,Q4WLD4,0.5,1
Q4WQ95,A0A0E0SP71,Q4WQ95,0.5,6
Q4WQ95,D7NJ68,Q4WQ95,0.5,6
Q4WQ95,Q10231,Q4WQ95,0.5,6
Q4WQ95,Q4WES9,Q4WQ95,0.5,6
Q4WQ95,Q4WQ95,Q4WQ95,0.5,6
Q4WQ95,Q96WJ0,Q4WQ95,0.5,6
Q4WR16,A1CVK0,Q4WR16,0.5,4
Q4WR16,B0Y5B4,Q4WR16,0.5,4
Q4WR16,E4V6I8,Q4WR16,0.5,4
Q4WR16,Q4WR16,Q4WR16,0.5,4
Q50EK2,F2XF92,Q50EK2,0.5,17
Q50EK2,F2XFB2,Q50EK2,0.5,17
Q50EK2,H8ZM70,Q50EK2,0.5,17
Q50EK2,H8ZM71,Q50EK2,0.5,17
Q50EK2,H8ZM73,Q50EK2,0.5,17
Q50EK2,M4HXU6,Q50EK2,0.5,17
Q50EK2,M4HXW5,Q50EK2,0.5,17
Q50EK2,M4HY05,Q50EK2,0.5,17
Q50EK2,M4HY08,Q50EK2,0.5,17
Q50EK2,M4HYC6,Q50EK2,0.5,17
Q50EK2,M4HYC8,Q50EK2,0.5,17
Q50EK2,M4HYP3,Q50EK2,0.5,17
Q50EK2,Q38710,Q50EK2,0.5,17
Q50EK2,Q50EK2,Q50EK2,0.5,17
Q50EK2,Q675L4,Q50EK2,0.5,17
Q50EK2,Q675L5,Q50EK2,0.5,17
Q50EK2,Q947C4,Q50EK2,0.5,17
Q54BE5,Q54BE5,Q54BE5,0.5,1
Q54DR1,Q54DR1,Q54DR1,0.5,1
Q54TW4,Q54TW4,Q54TW4,0.5,1
Q54YE2,Q54YE1,Q54YE2,0.5,2
Q54YE2,Q54YE2,Q54YE2,0.5,2
Q55E23,Q55E23,Q55E23,0.5,1
Q56RZ7,A0A0E3D8M9,Q56RZ7,0.5,8
Q56RZ7,A0A0E3D8P4,Q56RZ7,0.5,8
Q56RZ7,A0A140JWS2,Q56RZ7,0.5,8
Q56RZ7,A0A348FUE1,Q56RZ7,0.5,8
Q56RZ7,A0A3S5XFG0,Q56RZ7,0.5,8
Q56RZ7,A0A8D5M3Y5,Q56RZ7,0.5,8
Q56RZ7,Q56RZ3,Q56RZ7,0.5,8
Q56RZ7,Q56RZ7,Q56RZ7,0.5,8
Q5AR23,A0A0F7TZE0,Q5AR23,0.5,4
Q5AR23,A0A0U5GIU9,Q5AR23,0.5,4
Q5AR23,A0A1E1FFM9,Q5AR23,0.5,4
Q5AR23,Q5AR23,Q5AR23,0.5,4
Q5AR27,A0A0F7TSZ5,Q5AR27,0.5,3
Q5AR27,A0A0U5CJM3,Q5AR27,0.5,3
Q5AR27,Q5AR27,Q5AR27,0.5,3
Q5AR28,A0A0F7TN65,Q5AR28,0.5,3
Q5AR28,A0A0U5CJU2,Q5AR28,0.5,3
Q5AR28,Q5AR28,Q5AR28,0.5,3
Q5AR32,A0A0F7TN60,Q5AR32,0.5,3
Q5AR32,A0A0U4ZPJ7,Q5AR32,0.5,3
Q5AR32,Q5AR32,Q5AR32,0.5,3
Q5AR34,A0A0F7TZD6,Q5AR34,0.5,4
Q5AR34,A0A0U5GHG9,Q5AR34,0.5,4
Q5AR34,A0A1E1FFL0,Q5AR34,0.5,4
Q5AR34,Q5AR34,Q5AR34,0.5,4
Q5KSN4,Q5KSN4,Q5KSN4,0.5,1
Q5KSN5,Q5KSN5,Q5KSN5,0.5,1
Q5SBP4,J7LQ09,Q5SBP4,0.5,3
Q5SBP4,Q2XSC4,Q5SBP4,0.5,3
Q5SBP4,Q5SBP4,Q5SBP4,0.5,3
Q5SBP5,O48935,Q5SBP5,0.5,5
Q5SBP5,Q49SP7,Q5SBP5,0.5,5
Q5SBP5,Q5SBP5,Q5SBP5,0.5,5
Q5SBP5,Q5W283,Q5SBP5,0.5,5
Q5SBP5,U3LW50,Q5SBP5,0.5,5
Q5SBP7,Q5SBP7,Q5SBP7,0.5,1
Q5UB07,B9T825,Q5UB07,0.5,7
Q5UB07,Q50L36,Q5UB07,0.5,7
Q5UB07,Q5UB07,Q5UB07,0.5,7
Q5UB07,Q672F7,Q5UB07,0.5,7
Q5UB07,Q6EJ97,Q5UB07,0.5,7
Q5UB07,Q7XAS7,Q5UB07,0.5,7
Q5UB07,Q9AR86,Q5UB07,0.5,7
Q5UQ90,Q5UQ90,Q5UQ90,0.5,1
Q6JD71,C5YHH7,Q6JD71,0.5,14
Q6JD71,C5YHI2,Q6JD71,0.5,14
Q6JD71,C7E5V7,Q6JD71,0.5,14
Q6JD71,C7E5V8,Q6JD71,0.5,14
Q6JD71,C7E5V9,Q6JD71,0.5,14
Q6JD71,C7E5W0,Q6JD71,0.5,14
Q6JD71,Q1EG72,Q6JD71,0.5,14
Q6JD71,Q2NM15,Q6JD71,0.5,14
Q6JD71,Q5GJ60,Q6JD71,0.5,14
Q6JD71,Q6JD69,Q6JD71,0.5,14
Q6JD71,Q6JD70,Q6JD71,0.5,14
Q6JD71,Q6JD71,Q6JD71,0.5,14
Q6JD71,Q6JD72,Q6JD71,0.5,14
Q6JD71,Q6JD73,Q6JD71,0.5,14
Q6WAU0,Q6WAU0,Q6WAU0,0.5,1
Q6WAU1,Q6WAU1,Q6WAU1,0.5,1
Q6WP50,Q6WP50,Q6WP50,0.5,1
Q6Z5I0,Q0JF02,Q6Z5I0,0.5,4
Q6Z5I0,Q5MQ85,Q6Z5I0,0.5,4
Q6Z5I0,Q6E7D7,Q6Z5I0,0.5,4
Q6Z5I0,Q6Z5I0,Q6Z5I0,0.5,4
Q75J90,Q75J90,Q75J90,0.5,1
Q796C3,Q796C3,Q796C3,0.5,1
Q7KWU0,Q7KWU0,Q7KWU0,0.5,1
Q82IY3,Q82IY3,Q82IY3,0.5,1
Q82IY4,E3VWJ0,Q82IY4,0.5,3
Q82IY4,Q55012,Q82IY4,0.5,3
Q82IY4,Q82IY4,Q82IY4,0.5,3
Q82RR7,Q82RR7,Q82RR7,0.5,1
Q84NC8,Q84NC8,Q84NC8,0.5,1
Q84UU4,Q84UU4,Q84UU4,0.5,1
Q84UU9,Q84UU9,Q84UU9,0.5,1
Q84ZW8,Q0JA81,Q84ZW8,0.5,5
Q84ZW8,Q0JA83,Q84ZW8,0.5,5
Q84ZW8,Q0JEZ8,Q84ZW8,0.5,5
Q84ZW8,Q66QH3,Q84ZW8,0.5,5
Q84ZW8,Q84ZW8,Q84ZW8,0.5,5
Q8SA63,A0A142BX70,Q8SA63,0.5,11
Q8SA63,A0A142BX74,Q8SA63,0.5,11
Q8SA63,F8UL81,Q8SA63,0.5,11
Q8SA63,I6QPS5,Q8SA63,0.5,11
Q8SA63,I6R4V5,Q8SA63,0.5,11
Q8SA63,I6RAQ6,Q8SA63,0.5,11
Q8SA63,I7H727,Q8SA63,0.5,11
Q8SA63,Q8SA63,Q8SA63,0.5,11
Q8SA63,Q9AR04,Q8SA63,0.5,11
Q8SA63,Q9FXY7,Q8SA63,0.5,11
Q8SA63,Q9LLR9,Q8SA63,0.5,11
Q93X23,A0A1C9J6A7,Q93X23,0.5,36
Q93X23,A0A1V0QSF4,Q93X23,0.5,36
Q93X23,A0A1V0QSF8,Q93X23,0.5,36
Q93X23,A0A1V0QSF9,Q93X23,0.5,36
Q93X23,A0A1V0QSG0,Q93X23,0.5,36
Q93X23,A0A1V0QSG1,Q93X23,0.5,36
Q93X23,A0A1V0QSH1,Q93X23,0.5,36
Q93X23,A0A1V0QSH2,Q93X23,0.5,36
Q93X23,A0A4Y5QWK5,Q93X23,0.5,36
Q93X23,A0A6P6W6H5,Q93X23,0.5,36
Q93X23,A0A7G5KLV0,Q93X23,0.5,36
Q93X23,A5Y5L5,Q93X23,0.5,36
Q93X23,A7IZZ1,Q93X23,0.5,36
Q93X23,A7IZZ2,Q93X23,0.5,36
Q93X23,B3TPQ7,Q93X23,0.5,36
Q93X23,B6SCF3,Q93X23,0.5,36
Q93X23,B6SCF4,Q93X23,0.5,36
Q93X23,B9T536,Q93X23,0.5,36
Q93X23,G0Y7D2,Q93X23,0.5,36
Q93X23,G0Y7D3,Q93X23,0.5,36
Q93X23,G1JUH1,Q93X23,0.5,36
Q93X23,H2ELN1,Q93X23,0.5,36
Q93X23,H6WZF2,Q93X23,0.5,36
Q93X23,I7GPX8,Q93X23,0.5,36
Q93X23,J7LH11,Q93X23,0.5,36
Q93X23,Q1XBU5,Q93X23,0.5,36
Q93X23,Q6PWU2,Q93X23,0.5,36
Q93X23,Q8GUE4,Q93X23,0.5,36
Q93X23,Q8L5K3,Q93X23,0.5,36
Q93X23,Q8L5K4,Q93X23,0.5,36
Q93X23,Q93X23,Q93X23,0.5,36
Q93X23,Q94G53,Q93X23,0.5,36
Q93X23,Q9SPN0,Q93X23,0.5,36
Q93X23,Q9SPN1,Q93X23,0.5,36
Q93X23,R4YXW8,Q93X23,0.5,36
Q93X23,R4YZC3,Q93X23,0.5,36
Q93YV0,Q93YV0,Q93YV0,0.5,1
Q96376,Q96376,Q96376,0.5,1
Q96WT2,Q96WT2,Q96WT2,0.5,1
Q9AJE3,Q9AJE3,Q9AJE3,0.5,1
Q9AJE4,Q9AJE4,Q9AJE4,0.5,1
Q9C1W3,Q9C1W3,Q9C1W3,0.5,1
Q9F1V8,A3KI17,Q9F1V8,0.5,4
Q9F1V8,D3KYU2,Q9F1V8,0.5,4
Q9F1V8,Q9F1V8,Q9F1V8,0.5,4
Q9F1V8,Q9F1Y6,Q9F1V8,0.5,4
Q9FI27,A0A178U9Y5,Q9FI27,0.5,2
Q9FI27,Q9FI27,Q9FI27,0.5,2
Q9FT37,Q41594,Q9FT37,0.5,3
Q9FT37,Q93YA3,Q9FT37,0.5,3
Q9FT37,Q9FT37,Q9FT37,0.5,3
Q9K498,Q9K498,Q9K498,0.5,1
Q9K499,Q9K499,Q9K499,0.5,1
Q9LIA1,Q9C6W6,Q9LIA1,0.5,7
Q9LIA1,Q9LH31,Q9LIA1,0.5,7
Q9LIA1,Q9LIA1,Q9LIA1,0.5,7
Q9LIA1,Q9LQ27,Q9LIA1,0.5,7
Q9LIA1,Q9LRR2,Q9LIA1,0.5,7
Q9LIA1,Q9LUE0,Q9LIA1,0.5,7
Q9LIA1,Q9LUE2,Q9LIA1,0.5,7
Q9LSF8,Q9LSF8,Q9LSF8,0.5,1
Q9LVP7,O65434,Q9LVP7,0.5,7
Q9LVP7,O65435,Q9LVP7,0.5,7
Q9LVP7,Q8L7G4,Q9LVP7,0.5,7
Q9LVP7,Q9C748,Q9LVP7,0.5,7
Q9LVP7,Q9C8E3,Q9LVP7,0.5,7
Q9LVP7,Q9LS76,Q9LVP7,0.5,7
Q9LVP7,Q9LVP7,Q9LVP7,0.5,7
Q9T0K1,Q4KSH9,Q9T0K1,0.5,3
Q9T0K1,Q9T0J9,Q9T0K1,0.5,3
Q9T0K1,Q9T0K1,Q9T0K1,0.5,3
Q9UR08,A0A0A2JB87,Q9UR08,0.5,5
Q9UR08,B6H063,Q9UR08,0.5,5
Q9UR08,Q03471,Q9UR08,0.5,5
Q9UR08,Q9UR08,Q9UR08,0.5,5
Q9UR08,W6Q4Q9,Q9UR08,0.5,5
Q9VFJ0,Q9VFJ0,Q9VFJ0,0.5,1
Q9X839,Q9X839,Q9X839,0.5,1
Q9ZUH4,A4FVP2,Q9ZUH4,0.5,5
Q9ZUH4,P0DI76,Q9ZUH4,0.5,5
Q9ZUH4,P0DI77,Q9ZUH4,0.5,5
Q9ZUH4,Q9LRZ6,Q9ZUH4,0.5,5
Q9ZUH4,Q9ZUH4,Q9ZUH4,0.5,5
S0DX56,S0DX56,S0DX56,0.5,1
S0EA85,Q9UVY5,S0EA85,0.5,2
S0EA85,S0EA85,S0EA85,0.5,2
S0ECT9,S0ECT9,S0ECT9,0.5,1
S0EGZ9,S0EGZ9,S0EGZ9,0.5,1
S0ENM8,A0A1L7U8F2,S0ENM8,0.5,3
S0ENM8,A0A1L7VZE7,S0ENM8,0.5,3
S0ENM8,S0ENM8,S0ENM8,0.5,3
U5PZT6,U5PZT6,U5PZT6,0.5,2
U5PZT6,W6HUT3,U5PZT6,0.5,2
W0FFD7,F6M8H4,W0FFD7,0.5,2
W0FFD7,W0FFD7,W0FFD7,0.5,2
W6Q9B3,B6HFX9,W6Q9B3,0.5,2
W6Q9B3,W6Q9B3,W6Q9B3,0.5,2
