reaction_id,legacy_exact_fold
RHEA:10340,0
RHEA:10940,4
RHEA:11328,1
RHEA:11656,0
RHEA:12016,2
RHEA:12052,3
RHEA:12192,4
RHEA:12240,0
RHEA:12516,3
RHEA:12605,0
RHEA:12869,0
RHEA:13369,3
RHEA:13525,2
RHEA:13545,4
RHEA:13873,4
RHEA:14009,2
RHEA:14485,3
RHEA:14621,0
RHEA:14841,3
RHEA:14901,0
RHEA:15809,4
RHEA:16337,3
RHEA:16345,0
RHEA:16561,0
RHEA:16965,1
RHEA:17637,1
RHEA:17653,1
RHEA:17945,4
RHEA:18081,3
RHEA:18209,3
RHEA:18325,0
RHEA:18721,3
RHEA:18957,3
RHEA:19361,0
RHEA:19525,3
RHEA:19565,0
RHEA:19825,3
RHEA:20565,3
RHEA:20912,4
RHEA:21308,1
RHEA:22220,1
RHEA:22228,2
RHEA:22232,0
RHEA:22408,4
RHEA:22436,3
RHEA:22672,1
RHEA:23112,2
RHEA:24116,1
RHEA:24316,1
RHEA:25282,0
RHEA:25436,3
RHEA:25440,1
RHEA:25444,0
RHEA:25448,4
RHEA:25452,4
RHEA:25456,0
RHEA:25460,2
RHEA:25464,4
RHEA:25468,4
RHEA:25472,4
RHEA:25476,1
RHEA:25484,3
RHEA:25488,3
RHEA:25492,3
RHEA:25496,2
RHEA:25500,2
RHEA:25504,1
RHEA:25508,0
RHEA:25524,0
RHEA:25532,1
RHEA:25536,3
RHEA:25540,2
RHEA:25544,2
RHEA:25548,2
RHEA:25552,0
RHEA:25556,4
RHEA:25560,3
RHEA:25613,0
RHEA:25617,0
RHEA:25621,0
RHEA:25641,3
RHEA:25645,1
RHEA:25649,4
RHEA:25662,2
RHEA:25666,1
RHEA:25694,0
RHEA:25759,3
RHEA:25976,4
RHEA:25980,1
RHEA:25984,3
RHEA:25988,2
RHEA:25992,1
RHEA:26081,1
RHEA:26115,3
RHEA:26128,0
RHEA:26160,1
RHEA:26213,2
RHEA:26245,3
RHEA:26430,1
RHEA:27421,3
RHEA:27425,2
RHEA:27526,2
RHEA:27530,1
RHEA:27534,4
RHEA:27830,0
RHEA:27954,4
RHEA:28266,0
RHEA:28282,3
RHEA:28290,1
RHEA:28294,1
RHEA:28298,4
RHEA:28302,0
RHEA:28635,4
RHEA:28639,3
RHEA:28643,3
RHEA:29483,1
RHEA:29487,0
RHEA:29491,1
RHEA:29495,0
RHEA:29499,1
RHEA:29503,4
RHEA:29507,0
RHEA:29511,2
RHEA:30371,2
RHEA:30375,0
RHEA:30379,0
RHEA:30383,0
RHEA:30423,4
RHEA:30427,4
RHEA:30431,2
RHEA:30451,2
RHEA:30463,2
RHEA:30467,0
RHEA:30471,0
RHEA:30675,3
RHEA:30855,0
RHEA:30947,2
RHEA:30951,4
RHEA:30987,1
RHEA:30999,2
RHEA:31003,1
RHEA:31007,4
RHEA:31011,3
RHEA:31023,1
RHEA:31035,1
RHEA:31351,2
RHEA:31383,4
RHEA:31387,1
RHEA:31415,0
RHEA:31419,1
RHEA:31423,0
RHEA:31427,3
RHEA:31431,4
RHEA:31435,1
RHEA:31439,1
RHEA:31699,4
RHEA:31795,3
RHEA:31807,4
RHEA:31811,2
RHEA:31815,3
RHEA:31819,1
RHEA:31823,2
RHEA:31827,0
RHEA:31831,1
RHEA:31847,1
RHEA:31851,0
RHEA:31855,3
RHEA:31859,3
RHEA:31863,2
RHEA:31867,2
RHEA:31871,1
RHEA:31875,1
RHEA:31879,1
RHEA:31883,0
RHEA:31887,4
RHEA:31895,1
RHEA:31987,2
RHEA:31991,2
RHEA:31995,4
RHEA:31999,2
RHEA:32003,0
RHEA:32011,1
RHEA:32015,2
RHEA:32019,2
RHEA:32023,2
RHEA:32027,3
RHEA:32031,0
RHEA:32075,1
RHEA:32151,4
RHEA:32295,3
RHEA:32299,4
RHEA:32327,4
RHEA:32439,0
RHEA:32539,2
RHEA:32543,4
RHEA:32547,3
RHEA:32551,1
RHEA:32555,4
RHEA:32559,2
RHEA:32563,4
RHEA:32567,4
RHEA:32571,4
RHEA:32575,4
RHEA:32579,3
RHEA:32679,1
RHEA:32687,3
RHEA:32691,0
RHEA:32699,1
RHEA:32703,2
RHEA:33103,3
RHEA:33107,0
RHEA:33111,0
RHEA:33119,0
RHEA:33123,4
RHEA:33983,3
RHEA:33987,2
RHEA:33991,0
RHEA:34255,3
RHEA:34459,1
RHEA:34463,0
RHEA:34467,0
RHEA:34503,3
RHEA:34695,3
RHEA:34699,2
RHEA:34703,0
RHEA:36063,3
RHEA:38155,0
RHEA:40027,1
RHEA:41552,3
RHEA:41628,1
RHEA:42984,2
RHEA:42988,4
RHEA:42992,2
RHEA:42996,4
RHEA:43000,0
RHEA:47052,1
RHEA:47944,2
RHEA:49628,1
RHEA:49632,3
RHEA:52804,3
RHEA:53616,4
RHEA:53620,0
RHEA:53624,3
RHEA:53628,1
RHEA:53632,0
RHEA:53640,1
RHEA:53644,1
RHEA:53648,0
RHEA:53668,2
RHEA:54040,4
RHEA:54044,2
RHEA:54048,4
RHEA:54052,2
RHEA:54056,0
RHEA:54060,2
RHEA:54064,2
RHEA:54068,3
RHEA:54072,4
RHEA:54076,0
RHEA:54108,1
RHEA:54112,2
RHEA:54116,1
RHEA:54372,1
RHEA:54376,0
RHEA:54380,0
RHEA:54496,2
RHEA:54500,3
RHEA:54504,3
RHEA:54508,4
RHEA:54512,1
RHEA:54516,4
RHEA:54520,0
RHEA:54636,2
RHEA:54640,4
RHEA:54648,1
RHEA:54652,1
RHEA:54664,4
RHEA:54668,4
RHEA:54676,0
RHEA:54684,1
RHEA:54692,4
RHEA:55216,4
RHEA:55424,2
RHEA:55520,0
RHEA:56556,3
RHEA:56632,4
RHEA:56820,2
RHEA:56824,4
RHEA:56944,2
RHEA:56984,3
RHEA:57516,0
RHEA:57520,3
RHEA:57544,0
RHEA:58160,3
RHEA:58164,1
RHEA:58168,3
RHEA:58172,1
RHEA:59224,0
RHEA:59232,2
RHEA:59236,0
RHEA:59904,2
RHEA:60016,4
RHEA:60020,2
RHEA:60024,3
RHEA:60028,2
RHEA:60424,4
RHEA:60680,3
RHEA:60684,3
RHEA:60688,1
RHEA:60692,0
RHEA:60696,1
RHEA:60744,1
RHEA:60748,4
RHEA:60752,4
RHEA:60756,2
RHEA:60760,2
RHEA:60764,2
RHEA:61096,1
RHEA:61112,2
RHEA:61124,4
RHEA:62180,2
RHEA:62184,3
RHEA:62188,4
RHEA:62592,0
RHEA:62596,1
RHEA:62972,4
RHEA:63012,3
RHEA:63068,2
RHEA:63080,2
RHEA:63084,1
RHEA:63092,2
RHEA:63096,0
RHEA:63100,2
RHEA:63104,4
RHEA:63108,1
RHEA:63112,4
RHEA:64332,1
RHEA:64336,2
RHEA:64340,3
RHEA:64344,3
RHEA:64348,2
RHEA:64572,1
RHEA:64580,0
RHEA:64856,3
RHEA:65072,2
RHEA:65112,2
RHEA:65116,3
RHEA:65132,4
RHEA:65140,2
RHEA:65144,1
RHEA:65156,1
RHEA:65168,2
RHEA:65176,3
RHEA:65180,4
RHEA:65184,3
RHEA:65188,3
RHEA:65192,4
RHEA:65248,4
RHEA:65252,1
RHEA:65256,0
RHEA:65260,3
RHEA:65264,1
RHEA:65268,1
RHEA:65272,0
RHEA:65300,1
RHEA:65304,2
RHEA:65316,3
RHEA:65320,2
RHEA:65324,2
RHEA:65328,2
RHEA:65332,1
RHEA:65336,4
RHEA:65828,2
RHEA:66636,4
RHEA:66640,1
RHEA:66644,3
RHEA:66648,2
RHEA:66652,2
RHEA:66712,0
RHEA:66832,3
RHEA:66836,2
RHEA:66840,3
RHEA:66844,0
RHEA:66860,1
RHEA:66864,4
RHEA:66868,3
RHEA:66896,4
RHEA:67036,1
RHEA:67040,0
RHEA:67044,0
RHEA:67048,0
RHEA:67052,0
RHEA:67056,1
RHEA:67060,1
RHEA:67064,1
RHEA:67068,0
RHEA:67096,3
RHEA:67100,3
RHEA:67104,4
RHEA:67400,4
RHEA:67404,4
RHEA:67408,0
RHEA:67412,2
RHEA:67416,0
RHEA:67476,1
RHEA:68156,4
RHEA:68160,3
RHEA:68164,4
RHEA:68168,1
RHEA:68400,4
RHEA:68468,0
RHEA:68472,0
RHEA:68504,0
RHEA:68508,3
RHEA:68512,2
RHEA:68516,4
RHEA:68520,0
RHEA:68524,4
RHEA:68528,2
RHEA:68532,1
RHEA:68536,3
RHEA:68540,2
RHEA:68544,4
RHEA:68596,0
RHEA:68636,1
RHEA:68640,3
RHEA:68644,4
RHEA:68708,2
RHEA:68712,2
RHEA:68716,2
RHEA:68772,2
RHEA:68776,1
RHEA:68780,2
RHEA:68784,2
RHEA:68788,2
RHEA:68824,2
RHEA:68844,4
RHEA:68852,1
RHEA:69444,4
RHEA:69448,2
RHEA:69775,3
RHEA:71979,4
RHEA:71983,0
RHEA:71987,3
RHEA:71991,2
RHEA:71995,1
RHEA:71999,3
RHEA:73951,4
RHEA:73963,1
RHEA:73979,3
RHEA:73983,3
RHEA:73987,3
RHEA:73991,3
RHEA:73995,3
RHEA:74107,0
RHEA:74543,4
RHEA:74547,4
RHEA:74587,3
RHEA:74591,2
RHEA:74627,2
RHEA:74635,4
RHEA:74707,4
RHEA:74711,0
RHEA:74727,3
RHEA:74751,0
RHEA:77007,4
RHEA:77071,3
RHEA:77079,1
RHEA:77963,4
RHEA:77967,1
RHEA:77971,0
RHEA:77975,4
RHEA:77979,0
RHEA:78275,3
RHEA:78287,3
RHEA:78291,3
RHEA:78399,0
RHEA:78403,0
RHEA:78407,1
RHEA:78655,4
RHEA:78979,1
RHEA:78983,2
RHEA:78987,2
RHEA:79011,0
RHEA:79687,2
RHEA:79691,4
RHEA:80391,4
RHEA:80395,0
RHEA:80399,0
RHEA:80403,3
RHEA:80407,1
RHEA:80863,2
RHEA:80867,4
RHEA:80871,3
RHEA:80875,1
RHEA:80879,3
RHEA:80883,4
RHEA:81103,1
RHEA:81219,3
RHEA:81223,0
RHEA:81231,4
RHEA:81463,3
RHEA:81851,4
RHEA:83287,0
RHEA:83523,1
RHEA:83527,0
RHEA:83903,2
RHEA:83907,0
RHEA:85535,1
RHEA:85615,2
RHEA:85619,2
RHEA:85623,4
RHEA:85767,3
