query_id,overlap,jaccard,top1_changed,new_candidates,old_top1,new_top1
7S5L_A,16,0.6666666666666666,True,4,RHEA:68712,RHEA:27530
A0A010YQZ8,16,0.6666666666666666,False,4,RHEA:78979,RHEA:78979
A0A023J8Z5,16,0.6666666666666666,False,4,RHEA:31807,RHEA:31807
A0A059PYD5,15,0.6,False,5,RHEA:28294,RHEA:28294
A0A067N7X3,15,0.6,False,5,RHEA:53668,RHEA:53668
A0A067NBB1,14,0.5384615384615384,True,6,RHEA:28639,MARTS_EXT_RXN_5ebefc2c5944
A0A067NY86,17,0.7391304347826086,False,3,RHEA:28639,RHEA:28639
A0A068EUF6,16,0.6666666666666666,False,4,RHEA:16965,RHEA:16965
A0A075W0Z3,13,0.48148148148148145,False,7,RHEA:12516,RHEA:12516
A0A075W3D9,17,0.7391304347826086,False,3,RHEA:12016,RHEA:12016
A0A076GAR6,15,0.6,False,5,RHEA:12516,RHEA:12516
A0A076GAU5,16,0.6666666666666666,False,4,RHEA:12016,RHEA:12016
A0A076GAU9,14,0.5384615384615384,True,6,RHEA:34503,RHEA:25496
A0A076GBT5,13,0.48148148148148145,False,7,RHEA:31895,RHEA:31895
A0A076KZH5,13,0.48148148148148145,True,7,RHEA:27425,RHEA:12516
A0A076KZS5,14,0.5384615384615384,True,6,RHEA:27425,RHEA:28643
A0A076L4M0,14,0.5384615384615384,True,6,RHEA:27425,RHEA:28643
A0A076L4Z9,13,0.48148148148148145,True,7,RHEA:27425,RHEA:12516
A0A076L503,14,0.5384615384615384,True,6,RHEA:27425,RHEA:28643
A0A076L784,14,0.5384615384615384,False,6,RHEA:28294,RHEA:28294
A0A094YZ24,19,0.9047619047619048,True,1,RHEA:54508,RHEA:33123
A0A097SRT3,18,0.8181818181818182,False,2,RHEA:33987,RHEA:33987
A0A097ZIE0,15,0.6,False,5,RHEA:33991,RHEA:33991
A0A097ZQA4,15,0.6,False,5,RHEA:54640,RHEA:54640
A0A097ZQD0,12,0.42857142857142855,True,8,RHEA:78979,RHEA:53624
A0A097ZQD1,14,0.5384615384615384,True,6,RHEA:53644,RHEA:42988
A0A0A0QUT9,18,0.8181818181818182,False,2,RHEA:31895,RHEA:31895
A0A0A0RCB5,16,0.6666666666666666,False,4,RHEA:30471,RHEA:30471
A0A0A0RDR2,12,0.42857142857142855,False,8,RHEA:32555,RHEA:32555
A0A0A0RDZ8,14,0.5384615384615384,False,6,RHEA:32555,RHEA:32555
A0A0A7DNH6,17,0.7391304347826086,True,3,RHEA:10940,RHEA:15809
A0A0A7GEY4,14,0.5384615384615384,False,6,RHEA:56944,RHEA:56944
A0A0B5KP67,16,0.6666666666666666,True,4,RHEA:30471,RHEA:32555
A0A0E0LRP1,14,0.5384615384615384,False,6,RHEA:32699,RHEA:32699
A0A0E3KJK7,16,0.6666666666666666,False,4,RHEA:31895,RHEA:31895
A0A0F4GLU2,15,0.6,False,5,RHEA:25694,RHEA:25694
A0A0F6P1F4,12,0.42857142857142855,False,8,RHEA:22220,RHEA:22220
A0A0G7ZNT4,16,0.6666666666666666,False,4,RHEA:25440,RHEA:25440
A0A0H4U9R8,15,0.6,False,5,RHEA:68644,RHEA:68644
A0A0M4MMY1,15,0.6,False,5,RHEA:22220,RHEA:22220
A0A0M8XX89,17,0.7391304347826086,True,3,MARTS_EXT_RXN_d86b1fdbc72d,RHEA:28294
A0A0N9I8A9,16,0.6666666666666666,False,4,RHEA:78979,RHEA:78979
A0A0U1XNG2,15,0.6,False,5,RHEA:25444,RHEA:25444
A0A0U1XRI2,15,0.6,False,5,RHEA:25444,RHEA:25444
A0A0U3BRC5,18,0.8181818181818182,False,2,RHEA:25649,RHEA:25649
A0A0U4IMN4,14,0.5384615384615384,True,6,RHEA:31895,RHEA:25444
A0A0U4KG90,14,0.5384615384615384,False,6,RHEA:25444,RHEA:25444
A0A0U5GLI1,17,0.7391304347826086,False,3,RHEA:78403,RHEA:78403
A0A100IAT3,18,0.8181818181818182,True,2,RHEA:11328,MARTS_EXT_RXN_c82f9ce748cd
A0A101T124,15,0.6,True,5,MARTS_EXT_RXN_0d75732112ff,MARTS_EXT_RXN_accbb7c49b47
A0A117RG81,16,0.6666666666666666,False,4,RHEA:34695,RHEA:34695
A0A125S8N1,16,0.6666666666666666,True,4,RHEA:27421,RHEA:28302
A0A125S8N2,15,0.6,True,5,RHEA:27421,RHEA:25444
A0A135LYJ9,14,0.5384615384615384,False,6,RHEA:54068,RHEA:54068
A0A139WXP3,18,0.8181818181818182,True,2,MARTS_EXT_RXN_4b410b511327,MARTS_EXT_RXN_237f1c153ad6
A0A140AZ63,17,0.7391304347826086,False,3,RHEA:68852,RHEA:68852
A0A140AZ66,15,0.6,True,5,MARTS_EXT_RXN_2ffb342ca060,RHEA:68852
A0A140AZ69,19,0.9047619047619048,False,1,RHEA:68852,RHEA:68852
A0A140AZ72,15,0.6,False,5,RHEA:68852,RHEA:68852
A0A142BX71,17,0.7391304347826086,False,3,RHEA:28294,RHEA:28294
A0A142BX72,16,0.6666666666666666,False,4,RHEA:25496,RHEA:25496
A0A142F308,13,0.48148148148148145,False,7,RHEA:33991,RHEA:33991
A0A142F309,13,0.48148148148148145,False,7,RHEA:33991,RHEA:33991
A0A142F310,13,0.48148148148148145,False,7,RHEA:33991,RHEA:33991
A0A142ZC57,14,0.5384615384615384,True,6,RHEA:32295,MARTS_EXT_RXN_8d049834636c
A0A144YEA5,13,0.48148148148148145,False,7,RHEA:32295,RHEA:32295
A0A162QA28,17,0.7391304347826086,True,3,RHEA:71987,MARTS_EXT_RXN_86983edabe8c
A0A167CIH5,18,0.8181818181818182,False,2,RHEA:25694,RHEA:25694
A0A177DNJ5,18,0.8181818181818182,True,2,RHEA:25694,RHEA:77967
A0A1B4XBK0,16,0.6666666666666666,False,4,RHEA:17653,RHEA:17653
A0A1D6IY18,14,0.5384615384615384,False,6,RHEA:28282,RHEA:28282
A0A1D8PH78,13,0.48148148148148145,True,7,RHEA:19361,RHEA:64572
A0A1F5LDE4,15,0.6,False,5,RHEA:17653,RHEA:17653
A0A1G9S4L4,16,0.6666666666666666,False,4,RHEA:12192,RHEA:12192
A0A1H0BVV7,15,0.6,True,5,MARTS_EXT_RXN_accbb7c49b47,RHEA:54056
A0A1H1T2Q7,14,0.5384615384615384,True,6,RHEA:42988,MARTS_EXT_RXN_932a9e24c662
A0A1H7UDD2,15,0.6,True,5,RHEA:31819,MARTS_EXT_RXN_029b92fe95de
A0A1I1IX82,16,0.6666666666666666,True,4,RHEA:54372,RHEA:54640
A0A1I9LTE4,16,0.6666666666666666,True,4,RHEA:31383,RHEA:30999
A0A1J0CQ86,20,1.0,True,0,RHEA:31999,RHEA:41628
A0A1J0CQ90,17,0.7391304347826086,False,3,RHEA:29507,RHEA:29507
A0A1J0CQ92,17,0.7391304347826086,False,3,RHEA:31999,RHEA:31999
A0A1J0CQ97,17,0.7391304347826086,False,3,RHEA:65072,RHEA:65072
A0A1J0CQA2,16,0.6666666666666666,False,4,RHEA:65072,RHEA:65072
A0A1J0CQA6,17,0.7391304347826086,True,3,RHEA:27954,RHEA:65072
A0A1L1WGB8,15,0.6,True,5,MARTS_EXT_RXN_2e27139e482a,RHEA:33991
A0A1L1WGC4,18,0.8181818181818182,True,2,RHEA:12016,RHEA:29511
A0A1L1WGD9,18,0.8181818181818182,False,2,RHEA:12016,RHEA:12016
A0A1L1WGF5,16,0.6666666666666666,True,4,RHEA:12016,RHEA:31895
A0A1L1WP15,15,0.6,False,5,RHEA:27526,RHEA:27526
A0A1L7NYF8,15,0.6,False,5,RHEA:18325,RHEA:18325
A0A1L7NYG2,12,0.42857142857142855,False,8,RHEA:18325,RHEA:18325
A0A1L7NYG3,17,0.7391304347826086,False,3,RHEA:18325,RHEA:18325
A0A1M3U1M9,17,0.7391304347826086,False,3,MARTS_EXT_RXN_d86b1fdbc72d,MARTS_EXT_RXN_d86b1fdbc72d
A0A1M6RNB3,15,0.6,True,5,MARTS_EXT_RXN_3fcdccf20787,MARTS_EXT_RXN_71bb2acc38af
A0A1N6E2E2,15,0.6,True,5,MARTS_EXT_RXN_5ebefc2c5944,MARTS_EXT_RXN_71bb2acc38af
A0A1N7KE47,17,0.7391304347826086,False,3,RHEA:53632,RHEA:53632
A0A1N7T9S7,16,0.6666666666666666,True,4,RHEA:16965,RHEA:25496
A0A1P8AVI0,20,1.0,False,0,RHEA:31383,RHEA:31383
A0A1Q5GJH1,15,0.6,True,5,RHEA:54048,RHEA:18081
A0A1S3ZET1,18,0.8181818181818182,True,2,RHEA:16965,RHEA:25496
A0A1S4B920,16,0.6666666666666666,False,4,RHEA:14841,RHEA:14841
A0A1S4C9W7,14,0.5384615384615384,False,6,RHEA:32151,RHEA:32151
A0A1S4CZT8,19,0.9047619047619048,True,1,RHEA:32151,RHEA:30467
A0A1U7YTG3,15,0.6,False,5,RHEA:32019,RHEA:32019
A0A1U7Z4L4,17,0.7391304347826086,False,3,RHEA:32679,RHEA:32679
A0A1U8BK57,16,0.6666666666666666,False,4,RHEA:25613,RHEA:25613
A0A1U8I4V5,15,0.6,False,5,RHEA:14841,RHEA:14841
A0A1U8QLG8,16,0.6666666666666666,False,4,RHEA:17653,RHEA:17653
A0A1V0D8Y5,19,0.9047619047619048,False,1,RHEA:20565,RHEA:20565
A0A1V0QSA8,16,0.6666666666666666,False,4,RHEA:11328,RHEA:11328
A0A1V0QSF2,17,0.7391304347826086,True,3,RHEA:19525,RHEA:80403
A0A1Z2LDZ7,15,0.6,False,5,RHEA:42992,RHEA:42992
A0A250IBE0,19,0.9047619047619048,True,1,MARTS_EXT_RXN_0601074748a9,RHEA:53648
A0A286R621,14,0.5384615384615384,False,6,RHEA:53648,RHEA:53648
A0A290U6M0,16,0.6666666666666666,False,4,RHEA:29511,RHEA:29511
A0A290U6M3,17,0.7391304347826086,True,3,RHEA:68512,RHEA:28643
A0A290U6M6,17,0.7391304347826086,False,3,RHEA:31895,RHEA:31895
A0A290U6N1,15,0.6,False,5,RHEA:31895,RHEA:31895
A0A290U6P6,15,0.6,True,5,RHEA:33991,RHEA:31811
A0A2A2D8W5,15,0.6,False,5,RHEA:25617,RHEA:25617
A0A2A3HMH3,14,0.5384615384615384,False,6,RHEA:42988,RHEA:42988
A0A2E1AC30,17,0.7391304347826086,False,3,RHEA:53628,RHEA:53628
A0A2H3DKU3,16,0.6666666666666666,False,4,RHEA:32019,RHEA:32019
A0A2H3DQV4,16,0.6666666666666666,True,4,RHEA:34695,MARTS_EXT_RXN_5ebefc2c5944
A0A2H3DUF9,13,0.48148148148148145,False,7,RHEA:27425,RHEA:27425
A0A2H3E1S5,18,0.8181818181818182,False,2,RHEA:34695,RHEA:34695
A0A2I6PJ05,17,0.7391304347826086,False,3,RHEA:17653,RHEA:17653
A0A2L0VXR5,16,0.6666666666666666,False,4,RHEA:11328,RHEA:11328
A0A2P2MRY0,18,0.8181818181818182,False,2,RHEA:31007,RHEA:31007
A0A2T0LNX7,13,0.48148148148148145,False,7,RHEA:54640,RHEA:54640
A0A2U8JPY1,17,0.7391304347826086,False,3,RHEA:32699,RHEA:32699
A0A2Z6E967,15,0.6,False,5,RHEA:31895,RHEA:31895
A0A2Z6E9F0,13,0.48148148148148145,True,7,RHEA:20565,RHEA:10940
A0A345ZQ19,14,0.5384615384615384,False,6,RHEA:14841,RHEA:14841
A0A345ZQ20,16,0.6666666666666666,False,4,RHEA:14841,RHEA:14841
A0A345ZQ21,17,0.7391304347826086,False,3,MARTS_EXT_RXN_e9ed9dc21c00,MARTS_EXT_RXN_e9ed9dc21c00
A0A345ZQ22,16,0.6666666666666666,False,4,RHEA:14841,RHEA:14841
A0A345ZQ23,15,0.6,True,5,MARTS_EXT_RXN_e9ed9dc21c00,RHEA:25613
A0A345ZQ24,14,0.5384615384615384,False,6,MARTS_EXT_RXN_e9ed9dc21c00,MARTS_EXT_RXN_e9ed9dc21c00
A0A345ZQ25,16,0.6666666666666666,False,4,RHEA:25552,RHEA:25552
A0A345ZQ26,15,0.6,False,5,RHEA:25556,RHEA:25556
A0A345ZQ29,15,0.6,False,5,RHEA:58160,RHEA:58160
A0A345ZQ30,16,0.6666666666666666,True,4,RHEA:27526,RHEA:79011
A0A345ZQ31,17,0.7391304347826086,False,3,RHEA:79011,RHEA:79011
A0A385AJM7,15,0.6,False,5,RHEA:12016,RHEA:12016
A0A385J6X8,14,0.5384615384615384,False,6,RHEA:15809,RHEA:15809
A0A385J6Y5,18,0.8181818181818182,True,2,RHEA:12016,RHEA:19525
A0A385J6Y6,18,0.8181818181818182,False,2,RHEA:10940,RHEA:10940
A0A385J6Y9,17,0.7391304347826086,False,3,RHEA:19525,RHEA:19525
A0A386ZKV4,13,0.48148148148148145,True,7,RHEA:42996,RHEA:43000
A0A396GKK7,16,0.6666666666666666,False,4,RHEA:31387,RHEA:31387
A0A3B8DU56,15,0.6,True,5,RHEA:27425,RHEA:12516
A0A3G1HQN7,16,0.6666666666666666,False,4,RHEA:28639,RHEA:28639
A0A3G9EAS3,15,0.6,False,5,RHEA:33991,RHEA:33991
A0A3G9ED98,13,0.48148148148148145,False,7,RHEA:33991,RHEA:33991
A0A3G9EJT8,14,0.5384615384615384,False,6,RHEA:33991,RHEA:33991
A0A3G9EJV0,16,0.6666666666666666,False,4,RHEA:29495,RHEA:29495
A0A3G9EWY9,17,0.7391304347826086,False,3,RHEA:24116,RHEA:24116
A0A3G9EY38,17,0.7391304347826086,False,3,RHEA:31895,RHEA:31895
A0A3G9F1F9,19,0.9047619047619048,False,1,RHEA:12016,RHEA:12016
A0A3M8F3X6,16,0.6666666666666666,True,4,MARTS_EXT_RXN_0aa1aeb0f8d8,MARTS_EXT_RXN_7345bb901e40
A0A3N1A8E7,16,0.6666666666666666,True,4,RHEA:81103,RHEA:15809
A0A3N4M544,16,0.6666666666666666,False,4,MARTS_EXT_RXN_237f1c153ad6,MARTS_EXT_RXN_237f1c153ad6
A0A3S9GV71,15,0.6,True,5,RHEA:25617,RHEA:53648
A0A3S9GVB5,17,0.7391304347826086,False,3,RHEA:53644,RHEA:53644
A0A401VY17,17,0.7391304347826086,False,3,RHEA:42988,RHEA:42988
A0A411JJ93,19,0.9047619047619048,True,1,MARTS_EXT_RXN_6c228262ac8f,RHEA:31887
A0A482AJV9,17,0.7391304347826086,False,3,RHEA:22436,RHEA:22436
A0A482IC14,17,0.7391304347826086,True,3,RHEA:28266,RHEA:28643
A0A495JMV3,17,0.7391304347826086,False,3,RHEA:19525,RHEA:19525
A0A4R4VDA4,14,0.5384615384615384,True,6,RHEA:25992,RHEA:42988
A0A552RHR4,17,0.7391304347826086,False,3,RHEA:78987,RHEA:78987
A0A561SAF2,14,0.5384615384615384,False,6,RHEA:78979,RHEA:78979
A0A562SP41,15,0.6,False,5,RHEA:25613,RHEA:25613
A0A562T706,18,0.8181818181818182,True,2,MARTS_EXT_RXN_029b92fe95de,RHEA:28639
A0A5C0T860,14,0.5384615384615384,False,6,MARTS_EXT_RXN_e9ed9dc21c00,MARTS_EXT_RXN_e9ed9dc21c00
A0A5K6WHY7,17,0.7391304347826086,True,3,RHEA:28294,RHEA:25444
A0A5N5W9J0,15,0.6,False,5,RHEA:42988,RHEA:42988
A0A5P0YYU2,14,0.5384615384615384,True,6,MARTS_EXT_RXN_1c2da1449873,MARTS_EXT_RXN_0601074748a9
A0A5P1ZG13,16,0.6666666666666666,True,4,RHEA:42992,RHEA:54056
A0A650A7H3,18,0.8181818181818182,True,2,RHEA:28282,RHEA:12516
A0A650A7I8,16,0.6666666666666666,False,4,RHEA:28282,RHEA:28282
A0A650A7K4,15,0.6,False,5,RHEA:32699,RHEA:32699
A0A650A7L8,16,0.6666666666666666,False,4,RHEA:32699,RHEA:32699
A0A650A7M1,16,0.6666666666666666,False,4,RHEA:28282,RHEA:28282
A0A650A7N6,16,0.6666666666666666,False,4,RHEA:28282,RHEA:28282
A0A650A7N9,17,0.7391304347826086,True,3,RHEA:28282,RHEA:12516
A0A650A872,16,0.6666666666666666,True,4,RHEA:28282,RHEA:27425
A0A650A8B4,15,0.6,False,5,RHEA:28266,RHEA:28266
A0A678QA10,14,0.5384615384615384,False,6,RHEA:32679,RHEA:32679
A0A6A6W5M9,16,0.6666666666666666,True,4,RHEA:26245,RHEA:25694
A0A6B8MS60,17,0.7391304347826086,False,3,RHEA:25464,RHEA:25464
A0A6B8N100,17,0.7391304347826086,False,3,RHEA:25508,RHEA:25508
A0A6B8N4Y9,15,0.6,False,5,RHEA:68596,RHEA:68596
A0A6C0QES1,18,0.8181818181818182,False,2,RHEA:25464,RHEA:25464
A0A6C0THV5,15,0.6,False,5,RHEA:10940,RHEA:10940
A0A6C0TJK8,16,0.6666666666666666,False,4,RHEA:25464,RHEA:25464
A0A6C0TL59,17,0.7391304347826086,True,3,RHEA:25464,RHEA:68596
A0A6C0TLK1,16,0.6666666666666666,False,4,RHEA:25472,RHEA:25472
A0A6I2FRA3,14,0.5384615384615384,True,6,RHEA:42996,RHEA:25617
A0A6M6CCF6,18,0.8181818181818182,False,2,RHEA:18209,RHEA:18209
A0A6M6CDA0,19,0.9047619047619048,False,1,RHEA:10940,RHEA:10940
A0A6P8ANR6,14,0.5384615384615384,False,6,RHEA:77971,RHEA:77971
A0A6S6QJ62,15,0.6,False,5,RHEA:11328,RHEA:11328
A0A7D5HVQ3,16,0.6666666666666666,False,4,RHEA:80407,RHEA:80407
A0A7D5HYM9,16,0.6666666666666666,True,4,RHEA:68824,RHEA:80395
A0A7D5HYZ9,14,0.5384615384615384,True,6,RHEA:68824,RHEA:32691
A0A7D5HZV8,14,0.5384615384615384,True,6,RHEA:80407,RHEA:54056
A0A7L7S5T2,15,0.6,True,5,RHEA:29511,RHEA:33991
A0A7L7S8U7,13,0.48148148148148145,False,7,RHEA:31895,RHEA:31895
A0A7L7SCQ9,15,0.6,False,5,RHEA:31895,RHEA:31895
A0A7L7SES4,17,0.7391304347826086,False,3,RHEA:16965,RHEA:16965
A0A7L7SG75,14,0.5384615384615384,False,6,RHEA:31895,RHEA:31895
A0A7M3M6K6,16,0.6666666666666666,True,4,MARTS_EXT_RXN_fa03c166bbd7,RHEA:59232
A0A7S5GI43,14,0.5384615384615384,False,6,RHEA:10940,RHEA:10940
A0A7S5GI44,10,0.3333333333333333,True,10,RHEA:32691,RHEA:68708
A0A7S5L324,10,0.3333333333333333,True,10,RHEA:32691,RHEA:32679
A0A7S5L3H2,16,0.6666666666666666,False,4,RHEA:24116,RHEA:24116
A0A7S5L3J3,16,0.6666666666666666,True,4,RHEA:14901,RHEA:31999
A0A7S6HRZ4,17,0.7391304347826086,True,3,RHEA:27425,RHEA:54072
A0A7W5F0P0,17,0.7391304347826086,False,3,RHEA:42988,RHEA:42988
A0A822XDK0,13,0.48148148148148145,False,7,RHEA:25613,RHEA:25613
A0A822ZER1,17,0.7391304347826086,False,3,RHEA:25488,RHEA:25488
A0A8A5RE99,14,0.5384615384615384,True,6,RHEA:31895,RHEA:31999
A0A8A5XA86,14,0.5384615384615384,False,6,RHEA:27425,RHEA:27425
A0A8A5XC90,16,0.6666666666666666,True,4,RHEA:27425,RHEA:31895
A0A8F4PMV8,16,0.6666666666666666,True,4,RHEA:78287,RHEA:78291
A0A8F4PMX6,17,0.7391304347826086,False,3,RHEA:25694,RHEA:25694
A0A8F4PMY5,18,0.8181818181818182,True,2,RHEA:71987,MARTS_EXT_RXN_86983edabe8c
A0A8F4PNJ7,18,0.8181818181818182,True,2,RHEA:71987,RHEA:71979
A0A8F4PNT7,16,0.6666666666666666,False,4,RHEA:25694,RHEA:25694
A0A8F4PP18,17,0.7391304347826086,False,3,RHEA:17653,RHEA:17653
A0A8F4PPH7,16,0.6666666666666666,False,4,RHEA:77979,RHEA:77979
A0A8F4PPI6,16,0.6666666666666666,False,4,RHEA:78403,RHEA:78403
A0A8F4PPJ2,16,0.6666666666666666,True,4,RHEA:41552,RHEA:78291
A0A8F4PQH5,17,0.7391304347826086,False,3,RHEA:78291,RHEA:78291
A0A8F4PQI4,16,0.6666666666666666,True,4,RHEA:25694,RHEA:71987
A0A8F4PQP7,16,0.6666666666666666,True,4,RHEA:25694,RHEA:77967
A0A8F4SK79,15,0.6,False,5,RHEA:71987,RHEA:71987
A0A8F4SK83,17,0.7391304347826086,False,3,RHEA:25694,RHEA:25694
A0A8F4SK87,13,0.48148148148148145,True,7,RHEA:25694,RHEA:54068
A0A8F4SKT7,16,0.6666666666666666,False,4,RHEA:77979,RHEA:77979
A0A8F4SKU0,17,0.7391304347826086,False,3,RHEA:77979,RHEA:77979
A0A8F4SNK4,16,0.6666666666666666,False,4,RHEA:77979,RHEA:77979
A0A8F4SPY9,16,0.6666666666666666,True,4,RHEA:78275,MARTS_EXT_RXN_ecb0de88d8e0
A0A8F4SPZ5,18,0.8181818181818182,False,2,RHEA:71987,RHEA:71987
A0A8H6ZNT4,14,0.5384615384615384,False,6,RHEA:28639,RHEA:28639
A0A8H7DPD2,17,0.7391304347826086,False,3,RHEA:32019,RHEA:32019
A0A8T0VMU7,18,0.8181818181818182,False,2,RHEA:25759,RHEA:25759
A0A956YA26,18,0.8181818181818182,True,2,RHEA:19525,RHEA:53628
A0A979G5X7,18,0.8181818181818182,True,2,MARTS_EXT_RXN_029b92fe95de,MARTS_EXT_RXN_f0fe69f8e0b7
A0A979G646,19,0.9047619047619048,True,1,MARTS_EXT_RXN_029b92fe95de,MARTS_EXT_RXN_237f1c153ad6
A0AA82WP13,15,0.6,True,5,RHEA:59232,RHEA:42996
A0RZI2,16,0.6666666666666666,False,4,RHEA:30471,RHEA:30471
A0RZI3,19,0.9047619047619048,False,1,RHEA:32679,RHEA:32679
A1E4D1,14,0.5384615384615384,True,6,RHEA:31383,RHEA:31887
A1JH12,18,0.8181818181818182,True,2,RHEA:16965,RHEA:32543
A4UUM6,18,0.8181818181818182,False,2,RHEA:18209,RHEA:18209
A4VB63,19,0.9047619047619048,False,1,RHEA:31007,RHEA:31007
A5AQH7,15,0.6,False,5,RHEA:29511,RHEA:29511
A5BEB8,15,0.6,False,5,RHEA:12016,RHEA:12016
A5LHW8,17,0.7391304347826086,False,3,RHEA:31887,RHEA:31887
A5YZT7,17,0.7391304347826086,False,3,RHEA:60028,RHEA:60028
A7BG60,18,0.8181818181818182,False,2,RHEA:32559,RHEA:32559
A7BJ35,16,0.6666666666666666,False,4,RHEA:21308,RHEA:21308
A7BJ36,15,0.6,False,5,RHEA:21308,RHEA:21308
A8NCK5,16,0.6666666666666666,True,4,RHEA:83907,RHEA:73983
A8R7G3,12,0.42857142857142855,False,8,RHEA:31007,RHEA:31007
A9JQL9,15,0.6,False,5,MARTS_EXT_RXN_23432a8b720a,MARTS_EXT_RXN_23432a8b720a
AGO55049.1,15,0.6,False,5,RHEA:42988,RHEA:42988
B0KZ40,14,0.5384615384615384,True,6,RHEA:12605,MARTS_EXT_RXN_de164cb3f0e1
B0Y565,18,0.8181818181818182,False,2,RHEA:30987,RHEA:30987
B1PLH3,18,0.8181818181818182,False,2,RHEA:21308,RHEA:21308
B1XJV9,16,0.6666666666666666,False,4,RHEA:56944,RHEA:56944
B2C4D3,11,0.3793103448275862,True,9,RHEA:28643,RHEA:31999
B2C4D4,12,0.42857142857142855,True,8,RHEA:28643,RHEA:31999
B2C4D5,11,0.3793103448275862,False,9,RHEA:28643,RHEA:28643
B2C4D6,13,0.48148148148148145,False,7,RHEA:28643,RHEA:28643
B2C4D7,13,0.48148148148148145,True,7,RHEA:28643,RHEA:31999
B2C4D8,11,0.3793103448275862,True,9,RHEA:28643,RHEA:31999
B2DBE8,16,0.6666666666666666,True,4,RHEA:11328,RHEA:17653
B2DBE9,15,0.6,False,5,RHEA:11328,RHEA:11328
B4XAK4,17,0.7391304347826086,False,3,RHEA:25464,RHEA:25464
B4XAK5,15,0.6,False,5,RHEA:32539,RHEA:32539
B4XAK6,16,0.6666666666666666,False,4,RHEA:31439,RHEA:31439
B4YA15,14,0.5384615384615384,False,6,RHEA:19361,RHEA:19361
B4YYR2,15,0.6,False,5,RHEA:19525,RHEA:19525
B5GTQ6,19,0.9047619047619048,True,1,MARTS_EXT_RXN_63e6da659221,MARTS_EXT_RXN_accbb7c49b47
B5H135,16,0.6666666666666666,False,4,RHEA:54636,RHEA:54636
B6UV92,17,0.7391304347826086,True,3,RHEA:13545,MARTS_EXT_RXN_b3c865336ac3
B9GSM9,14,0.5384615384615384,False,6,RHEA:25613,RHEA:25613
B9RHW5,14,0.5384615384615384,True,6,RHEA:31999,RHEA:33991
BDI63083.1,13,0.48148148148148145,False,7,RHEA:32019,RHEA:32019
BDI63084.1,17,0.7391304347826086,True,3,RHEA:83907,RHEA:25436
BDI63085.1,14,0.5384615384615384,True,6,RHEA:83907,RHEA:31423
BDI63087.1,16,0.6666666666666666,False,4,RHEA:18081,RHEA:18081
BDI63091.1,17,0.7391304347826086,False,3,RHEA:32019,RHEA:32019
BDI63095.1,15,0.6,False,5,MARTS_EXT_RXN_574cd0378c5f,MARTS_EXT_RXN_574cd0378c5f
BDI63096.1,17,0.7391304347826086,True,3,RHEA:47052,RHEA:19525
BDI63099.1,19,0.9047619047619048,True,1,RHEA:28639,RHEA:32019
BDI63103.1,12,0.42857142857142855,True,8,RHEA:27425,RHEA:12052
BDI63106.1,16,0.6666666666666666,True,4,RHEA:12052,RHEA:68512
BDI63107.1,16,0.6666666666666666,False,4,RHEA:28639,RHEA:28639
BDI63108.1,14,0.5384615384615384,True,6,RHEA:28639,RHEA:33107
BDI63109.1,16,0.6666666666666666,False,4,RHEA:28639,RHEA:28639
BDI63110.1,17,0.7391304347826086,False,3,RHEA:32019,RHEA:32019
BDI63111.1,16,0.6666666666666666,False,4,RHEA:28639,RHEA:28639
BDI63113.1,13,0.48148148148148145,True,7,RHEA:27425,RHEA:73983
BDI63114.1,18,0.8181818181818182,False,2,RHEA:33103,RHEA:33103
BDI63116.1,15,0.6,False,5,RHEA:28639,RHEA:28639
BDI63117.1,15,0.6,False,5,RHEA:32019,RHEA:32019
BDI63118.1,16,0.6666666666666666,False,4,RHEA:32019,RHEA:32019
BDI63121.1,17,0.7391304347826086,False,3,RHEA:31811,RHEA:31811
BDI63123.1,16,0.6666666666666666,True,4,RHEA:27425,RHEA:25436
BDI63124.1,17,0.7391304347826086,True,3,RHEA:68512,MARTS_EXT_RXN_37c622385e92
BDO24661.1,14,0.5384615384615384,False,6,RHEA:34695,RHEA:34695
C0SSW7,15,0.6,False,5,MARTS_EXT_RXN_e9ed9dc21c00,MARTS_EXT_RXN_e9ed9dc21c00
C5H3I7,16,0.6666666666666666,True,4,RHEA:28282,RHEA:27425
C5I6F7,14,0.5384615384615384,False,6,RHEA:33991,RHEA:33991
C5YHZ9,17,0.7391304347826086,True,3,RHEA:28266,RHEA:31999
C5YN30,17,0.7391304347826086,False,3,RHEA:60028,RHEA:60028
C7QAD7,12,0.42857142857142855,True,8,RHEA:42996,RHEA:25617
C7SCX0,17,0.7391304347826086,False,3,RHEA:31887,RHEA:31887
C9Z4F7,17,0.7391304347826086,True,3,RHEA:54380,RHEA:29507
D0VFU8,15,0.6,False,5,RHEA:32295,RHEA:32295
D1MJ52,16,0.6666666666666666,True,4,RHEA:31895,RHEA:25444
D2X8G0,16,0.6666666666666666,True,4,MARTS_EXT_RXN_e9ed9dc21c00,RHEA:25613
D2X8G1,13,0.48148148148148145,True,7,MARTS_EXT_RXN_324ed07f2f6e,RHEA:79011
D2X8G2,15,0.6,False,5,RHEA:25613,RHEA:25613
D2X8Y8,14,0.5384615384615384,True,6,MARTS_EXT_RXN_324ed07f2f6e,RHEA:81219
D2XEB3,14,0.5384615384615384,True,6,MARTS_EXT_RXN_324ed07f2f6e,RHEA:81219
D4IIJ0,16,0.6666666666666666,False,4,RHEA:81219,RHEA:81219
D4IIJ1,16,0.6666666666666666,True,4,MARTS_EXT_RXN_324ed07f2f6e,RHEA:54496
D5KXJ0,19,0.9047619047619048,True,1,MARTS_EXT_RXN_412a1f752827,RHEA:22672
D5SLU6,14,0.5384615384615384,False,6,RHEA:53616,RHEA:53616
D7T0P8,19,0.9047619047619048,False,1,RHEA:21308,RHEA:21308
D9J0D3,15,0.6,False,5,RHEA:12516,RHEA:12516
D9J0D4,19,0.9047619047619048,False,1,RHEA:12516,RHEA:12516
D9J0D5,17,0.7391304347826086,False,3,RHEA:12516,RHEA:12516
E3W326,16,0.6666666666666666,False,4,RHEA:32555,RHEA:32555
E3WDE2,18,0.8181818181818182,True,2,RHEA:25548,RHEA:33987
E5GAF3,15,0.6,True,5,RHEA:29511,RHEA:33991
E5GAF4,17,0.7391304347826086,False,3,RHEA:22436,RHEA:22436
E5GAF5,18,0.8181818181818182,False,2,RHEA:12016,RHEA:12016
E5GAF6,14,0.5384615384615384,True,6,RHEA:29511,MARTS_EXT_RXN_bb0c8b67ae81
E5GAF7,17,0.7391304347826086,False,3,RHEA:31895,RHEA:31895
E5GAF8,16,0.6666666666666666,True,4,RHEA:29511,RHEA:31895
E5GAG0,14,0.5384615384615384,True,6,RHEA:29511,RHEA:31895
E5GAG1,13,0.48148148148148145,True,7,RHEA:12516,RHEA:19525
E5GAG2,16,0.6666666666666666,True,4,RHEA:25484,RHEA:25508
E5GAG4,17,0.7391304347826086,True,3,RHEA:25484,RHEA:32543
E5L4Y4,15,0.6,False,5,RHEA:29511,RHEA:29511
E5RM29,14,0.5384615384615384,False,6,RHEA:31895,RHEA:31895
E9N3U9,17,0.7391304347826086,True,3,RHEA:25484,RHEA:32551
F6I4Y2,17,0.7391304347826086,True,3,RHEA:12016,RHEA:30427
F8TWC9,17,0.7391304347826086,True,3,RHEA:68712,RHEA:28294
F9WWF1,16,0.6666666666666666,False,4,RHEA:11328,RHEA:11328
F9WZD2,15,0.6,False,5,RHEA:11328,RHEA:11328
F9XLC1,17,0.7391304347826086,False,3,RHEA:17653,RHEA:17653
G0Y286,11,0.3793103448275862,True,9,RHEA:54504,MARTS_EXT_RXN_b89583d7f0d9
G0Y287,14,0.5384615384615384,True,6,RHEA:32295,MARTS_EXT_RXN_8d049834636c
G0Y288,11,0.3793103448275862,True,9,MARTS_EXT_RXN_412a1f752827,MARTS_EXT_RXN_78f709de4b7c
G1JUH4,16,0.6666666666666666,True,4,RHEA:16965,RHEA:32543
G1JUH5,18,0.8181818181818182,True,2,RHEA:16965,RHEA:80391
G5CV35,13,0.48148148148148145,False,7,RHEA:25504,RHEA:25504
G5CV38,17,0.7391304347826086,False,3,RHEA:25613,RHEA:25613
G5CV40,17,0.7391304347826086,False,3,RHEA:34503,RHEA:34503
G5CV42,17,0.7391304347826086,False,3,RHEA:19525,RHEA:19525
G5CV43,16,0.6666666666666666,False,4,RHEA:10340,RHEA:10340
G5CV44,16,0.6666666666666666,False,4,RHEA:31811,RHEA:31811
G5CV48,15,0.6,False,5,RHEA:27421,RHEA:27421
G5CV50,18,0.8181818181818182,False,2,RHEA:18721,RHEA:18721
G5CV51,16,0.6666666666666666,False,4,RHEA:30467,RHEA:30467
G5CV56,17,0.7391304347826086,False,3,RHEA:28302,RHEA:28302
G7K980,18,0.8181818181818182,False,2,RHEA:30999,RHEA:30999
G7LHE5,17,0.7391304347826086,False,3,RHEA:31383,RHEA:31383
G9M5S4,17,0.7391304347826086,False,3,RHEA:25560,RHEA:25560
G9M5S5,19,0.9047619047619048,True,1,RHEA:25560,RHEA:25759
G9M5S6,18,0.8181818181818182,True,2,RHEA:81231,RHEA:25560
G9M5S9,17,0.7391304347826086,True,3,RHEA:25560,RHEA:79011
H2VFR7,16,0.6666666666666666,True,4,RHEA:33123,RHEA:63092
H6VLG0,17,0.7391304347826086,False,3,MARTS_EXT_RXN_e9ed9dc21c00,MARTS_EXT_RXN_e9ed9dc21c00
H9C6R1,16,0.6666666666666666,False,4,RHEA:12016,RHEA:12016
I1TE91,13,0.48148148148148145,True,7,RHEA:31895,RHEA:25444
I2CM56,14,0.5384615384615384,False,6,RHEA:25504,RHEA:25504
I2CM59,18,0.8181818181818182,False,2,RHEA:30467,RHEA:30467
I2CM69,15,0.6,False,5,RHEA:30467,RHEA:30467
I3WEW0,19,0.9047619047619048,True,1,RHEA:25496,RHEA:25508
I6XZ73,17,0.7391304347826086,False,3,RHEA:19525,RHEA:19525
J2T8D5,17,0.7391304347826086,False,3,MARTS_EXT_RXN_237f1c153ad6,MARTS_EXT_RXN_237f1c153ad6
J3MQP7,18,0.8181818181818182,True,2,RHEA:28282,RHEA:12516
K7PRF2,17,0.7391304347826086,False,3,RHEA:19525,RHEA:19525
K7TKS3,16,0.6666666666666666,False,4,RHEA:28282,RHEA:28282
K7TR87,14,0.5384615384615384,False,6,MARTS_EXT_RXN_e9ed9dc21c00,MARTS_EXT_RXN_e9ed9dc21c00
KIA64332.1,16,0.6666666666666666,False,4,RHEA:28294,RHEA:28294
L0HLH2,16,0.6666666666666666,False,4,RHEA:34467,RHEA:34467
L0HP52,18,0.8181818181818182,False,2,RHEA:28302,RHEA:28302
L0I517,19,0.9047619047619048,False,1,RHEA:19525,RHEA:19525
L0I7F9,17,0.7391304347826086,False,3,RHEA:19525,RHEA:19525
L7XCQ7,15,0.6,True,5,RHEA:31895,RHEA:25444
M4GGS0,17,0.7391304347826086,True,3,MARTS_EXT_RXN_c29f1cca3044,RHEA:34503
M4GGS1,18,0.8181818181818182,True,2,MARTS_EXT_RXN_c29f1cca3044,RHEA:68400
M4HZ33,15,0.6,False,5,RHEA:18325,RHEA:18325
MBW4630784.1,18,0.8181818181818182,True,2,RHEA:25544,MARTS_EXT_RXN_5e756bc9af81
MG921605.1,19,0.9047619047619048,False,1,RHEA:28290,RHEA:28290
MZ367365.1,17,0.7391304347826086,False,3,RHEA:54380,RHEA:54380
O04046,14,0.5384615384615384,False,6,RHEA:25649,RHEA:25649
O04806,17,0.7391304347826086,True,3,RHEA:16965,RHEA:32543
O05572,18,0.8181818181818182,False,2,RHEA:18081,RHEA:18081
O06428,17,0.7391304347826086,False,3,RHEA:31699,RHEA:31699
O06728,18,0.8181818181818182,False,2,RHEA:34255,RHEA:34255
O07333,12,0.42857142857142855,False,8,MARTS_EXT_RXN_de164cb3f0e1,MARTS_EXT_RXN_de164cb3f0e1
O14230,13,0.48148148148148145,True,7,RHEA:19361,RHEA:64572
O22043,16,0.6666666666666666,False,4,RHEA:25649,RHEA:25649
O23909,19,0.9047619047619048,False,1,RHEA:21308,RHEA:21308
O24241,16,0.6666666666666666,False,4,RHEA:19361,RHEA:19361
O24242,16,0.6666666666666666,False,4,RHEA:19361,RHEA:19361
O50410,15,0.6,False,5,RHEA:56824,RHEA:56824
O53507,15,0.6,False,5,RHEA:31699,RHEA:31699
O59703,16,0.6666666666666666,False,4,RHEA:19361,RHEA:19361
O64905,16,0.6666666666666666,False,4,RHEA:19361,RHEA:19361
O66126,17,0.7391304347826086,True,3,RHEA:19361,RHEA:54508
O66952,14,0.5384615384615384,False,6,RHEA:11328,RHEA:11328
O81923,17,0.7391304347826086,False,3,RHEA:31415,RHEA:31415
O82141,15,0.6,False,5,RHEA:21308,RHEA:21308
O95749,15,0.6,False,5,RHEA:32679,RHEA:32679
P05369,16,0.6666666666666666,False,4,RHEA:19361,RHEA:19361
P08196,16,0.6666666666666666,True,4,RHEA:32295,MARTS_EXT_RXN_de164cb3f0e1
P08524,16,0.6666666666666666,False,4,RHEA:19361,RHEA:19361
P08836,17,0.7391304347826086,False,3,RHEA:32679,RHEA:32679
P0A5H9,17,0.7391304347826086,False,3,RHEA:56824,RHEA:56824
P0C9E0,19,0.9047619047619048,True,1,RHEA:16965,RHEA:53628
P0C9E1,18,0.8181818181818182,True,2,RHEA:16965,RHEA:53628
P0C9E2,16,0.6666666666666666,True,4,RHEA:16965,RHEA:68712
P14324,16,0.6666666666666666,False,4,RHEA:19361,RHEA:19361
P17060,15,0.6,True,5,RHEA:11328,RHEA:22672
P21683,16,0.6666666666666666,False,4,MARTS_EXT_RXN_de164cb3f0e1,MARTS_EXT_RXN_de164cb3f0e1
P21684,16,0.6666666666666666,True,4,RHEA:26245,RHEA:22672
P22873,15,0.6,True,5,RHEA:31699,RHEA:22672
P22939,14,0.5384615384615384,True,6,RHEA:65264,MARTS_EXT_RXN_de164cb3f0e1
P24322,17,0.7391304347826086,False,3,RHEA:17653,RHEA:17653
P34802,16,0.6666666666666666,True,4,RHEA:55520,MARTS_EXT_RXN_9bfd169ae97d
P37269,15,0.6,True,5,MARTS_EXT_RXN_412a1f752827,RHEA:17637
P37271,15,0.6,True,5,RHEA:32295,MARTS_EXT_RXN_de164cb3f0e1
P37272,14,0.5384615384615384,True,6,RHEA:32295,MARTS_EXT_RXN_ad8e38949c9e
P37273,15,0.6,False,5,MARTS_EXT_RXN_de164cb3f0e1,MARTS_EXT_RXN_de164cb3f0e1
P37294,17,0.7391304347826086,True,3,RHEA:56944,MARTS_EXT_RXN_de164cb3f0e1
P37295,17,0.7391304347826086,False,3,RHEA:28290,RHEA:28290
P39464,16,0.6666666666666666,False,4,RHEA:19361,RHEA:19361
P45204,15,0.6,True,5,RHEA:19361,RHEA:65176
P49085,16,0.6666666666666666,False,4,MARTS_EXT_RXN_6d6aa67d85ad,MARTS_EXT_RXN_6d6aa67d85ad
P49349,16,0.6666666666666666,False,4,RHEA:19361,RHEA:19361
P49351,14,0.5384615384615384,False,6,RHEA:19361,RHEA:19361
P49352,13,0.48148148148148145,False,7,RHEA:19361,RHEA:19361
P49353,17,0.7391304347826086,False,3,RHEA:19361,RHEA:19361
P53797,13,0.48148148148148145,True,7,RHEA:34467,MARTS_EXT_RXN_de164cb3f0e1
P54383,15,0.6,False,5,RHEA:33123,RHEA:33123
P54975,18,0.8181818181818182,False,2,MARTS_EXT_RXN_de164cb3f0e1,MARTS_EXT_RXN_de164cb3f0e1
P54976,15,0.6,True,5,RHEA:56824,MARTS_EXT_RXN_de164cb3f0e1
P55350,18,0.8181818181818182,True,2,RHEA:32295,MARTS_EXT_RXN_de164cb3f0e1
P55539,16,0.6666666666666666,False,4,RHEA:32011,RHEA:32011
P56966,14,0.5384615384615384,False,6,RHEA:32679,RHEA:32679
P57537,17,0.7391304347826086,True,3,RHEA:11328,RHEA:74107
P80042,17,0.7391304347826086,True,3,RHEA:11328,MARTS_EXT_RXN_9bfd169ae97d
P95999,16,0.6666666666666666,False,4,RHEA:19361,RHEA:19361
P9WJ61,14,0.5384615384615384,False,6,RHEA:49628,RHEA:49628
P9WKH1,17,0.7391304347826086,False,3,RHEA:56824,RHEA:56824
Q08291,13,0.48148148148148145,False,7,RHEA:33123,RHEA:33123
Q09152,14,0.5384615384615384,True,6,RHEA:19361,RHEA:64572
Q12051,18,0.8181818181818182,False,2,RHEA:68708,RHEA:68708
Q1ERD3,19,0.9047619047619048,False,1,RHEA:31383,RHEA:31383
Q1PDD2,19,0.9047619047619048,False,1,RHEA:55216,RHEA:55216
Q1XBU4,17,0.7391304347826086,False,3,RHEA:16965,RHEA:16965
Q2FV59,14,0.5384615384615384,False,6,MARTS_EXT_RXN_23432a8b720a,MARTS_EXT_RXN_23432a8b720a
Q2QLV9,14,0.5384615384615384,True,6,RHEA:12605,MARTS_EXT_RXN_de164cb3f0e1
Q2WGL6,18,0.8181818181818182,False,2,RHEA:31007,RHEA:31007
Q2WGL7,18,0.8181818181818182,False,2,RHEA:31007,RHEA:31007
Q2WGL8,16,0.6666666666666666,False,4,RHEA:30431,RHEA:30431
Q32W37,17,0.7391304347826086,True,3,RHEA:19525,RHEA:29511
Q3IPL1,14,0.5384615384615384,False,6,RHEA:56944,RHEA:56944
Q401R5,18,0.8181818181818182,False,2,RHEA:31383,RHEA:31383
Q401R6,15,0.6,False,5,RHEA:31383,RHEA:31383
Q40322,15,0.6,True,5,RHEA:32555,RHEA:25484
Q42698,17,0.7391304347826086,True,3,RHEA:12605,MARTS_EXT_RXN_de164cb3f0e1
Q43133,14,0.5384615384615384,True,6,RHEA:25641,MARTS_EXT_RXN_de164cb3f0e1
Q43315,17,0.7391304347826086,False,3,RHEA:19361,RHEA:19361
Q45220,16,0.6666666666666666,False,4,RHEA:32011,RHEA:32011
Q4JHN6,15,0.6,False,5,RHEA:19361,RHEA:19361
Q4QSN3,17,0.7391304347826086,True,3,RHEA:32539,RHEA:16965
Q4QSN6,18,0.8181818181818182,True,2,RHEA:25484,RHEA:25492
Q4VP11,15,0.6,False,5,RHEA:33991,RHEA:33991
Q4VP12,17,0.7391304347826086,True,3,MARTS_EXT_RXN_6c1cbb35db92,RHEA:33103
Q4WAG4,13,0.48148148148148145,False,7,RHEA:32295,RHEA:32295
Q4WEB8,15,0.6,False,5,RHEA:19361,RHEA:19361
Q52QW5,15,0.6,True,5,RHEA:32295,MARTS_EXT_RXN_de164cb3f0e1
Q54BK1,17,0.7391304347826086,False,3,RHEA:11328,RHEA:11328
Q54XP1,18,0.8181818181818182,False,2,RHEA:19361,RHEA:19361
Q55EU7,17,0.7391304347826086,False,3,RHEA:27421,RHEA:27421
Q58GE8,19,0.9047619047619048,True,1,RHEA:19361,RHEA:68852
Q5CD82,18,0.8181818181818182,False,2,RHEA:32559,RHEA:32559
Q5D7Q8,19,0.9047619047619048,False,1,RHEA:31883,RHEA:31883
Q5Z5B7,15,0.6,True,5,RHEA:32295,MARTS_EXT_RXN_de164cb3f0e1
Q64K29,18,0.8181818181818182,True,2,RHEA:19525,MARTS_EXT_RXN_2e27139e482a
Q65164,18,0.8181818181818182,True,2,RHEA:16965,RHEA:53628
Q66PX8,18,0.8181818181818182,True,2,RHEA:19525,RHEA:80407
Q673F9,17,0.7391304347826086,False,3,RHEA:25560,RHEA:25560
Q675L1,17,0.7391304347826086,True,3,RHEA:25484,RHEA:25492
Q675L3,15,0.6,False,5,RHEA:25500,RHEA:25500
Q675L6,18,0.8181818181818182,False,2,RHEA:33987,RHEA:33987
Q67DX4,14,0.5384615384615384,True,6,MARTS_EXT_RXN_605fa04e8467,RHEA:54116
Q6EI12,14,0.5384615384615384,True,6,RHEA:12605,MARTS_EXT_RXN_de164cb3f0e1
Q6F596,14,0.5384615384615384,False,6,RHEA:32679,RHEA:32679
Q6F5E6,18,0.8181818181818182,False,2,RHEA:11328,RHEA:11328
Q6F5G9,18,0.8181818181818182,False,2,RHEA:32559,RHEA:32559
Q6F5H0,19,0.9047619047619048,False,1,RHEA:16965,RHEA:16965
Q6F5H1,18,0.8181818181818182,False,2,RHEA:16965,RHEA:16965
Q6F5H2,14,0.5384615384615384,True,6,RHEA:20565,RHEA:16965
Q6F5H3,15,0.6,False,5,RHEA:25488,RHEA:25488
Q6G6B2,14,0.5384615384615384,False,6,MARTS_EXT_RXN_23432a8b720a,MARTS_EXT_RXN_23432a8b720a
Q6IW97,17,0.7391304347826086,False,3,RHEA:26160,RHEA:26160
Q6IWA3,14,0.5384615384615384,False,6,RHEA:21308,RHEA:21308
Q6N3F2,16,0.6666666666666666,True,4,RHEA:63092,MARTS_EXT_RXN_de164cb3f0e1
Q6QZW7,18,0.8181818181818182,False,2,RHEA:31007,RHEA:31007
Q6QZW8,18,0.8181818181818182,False,2,RHEA:31887,RHEA:31887
Q6SA60,13,0.48148148148148145,True,7,MARTS_EXT_RXN_9e53a7397306,RHEA:54116
Q6TBY0,13,0.48148148148148145,True,7,MARTS_EXT_RXN_9e53a7397306,RHEA:54116
Q6TH91,16,0.6666666666666666,False,4,RHEA:28294,RHEA:28294
Q6TH92,14,0.5384615384615384,True,6,RHEA:28294,RHEA:34503
Q6YN71,11,0.3793103448275862,False,9,RHEA:25444,RHEA:25444
Q6ZJL3,15,0.6,True,5,RHEA:27425,RHEA:12516
Q70EZ6,16,0.6666666666666666,True,4,RHEA:28294,RHEA:31999
Q70EZ7,14,0.5384615384615384,True,6,RHEA:28294,RHEA:34503
Q71MJ3,16,0.6666666666666666,False,4,RHEA:12016,RHEA:12016
Q758K0,17,0.7391304347826086,False,3,RHEA:19361,RHEA:19361
Q75WN1,13,0.48148148148148145,False,7,RHEA:16965,RHEA:16965
Q7A3E1,14,0.5384615384615384,False,6,MARTS_EXT_RXN_23432a8b720a,MARTS_EXT_RXN_23432a8b720a
Q7X9A3,16,0.6666666666666666,False,4,RHEA:31415,RHEA:31415
Q7XYS8,16,0.6666666666666666,False,4,RHEA:60024,RHEA:60024
Q7XYS9,16,0.6666666666666666,False,4,RHEA:19361,RHEA:19361
Q7XYT0,16,0.6666666666666666,False,4,RHEA:19361,RHEA:19361
Q7Z859,12,0.42857142857142855,True,8,RHEA:49632,RHEA:83523
Q84PE1,18,0.8181818181818182,False,2,RHEA:31387,RHEA:31387
Q84PE3,16,0.6666666666666666,True,4,RHEA:30431,RHEA:31387
Q8GSL7,17,0.7391304347826086,True,3,RHEA:30431,RHEA:31387
Q8K9A0,17,0.7391304347826086,True,3,RHEA:11328,RHEA:31819
Q8L5J7,18,0.8181818181818182,False,2,RHEA:10940,RHEA:10940
Q8L5K1,16,0.6666666666666666,True,4,RHEA:20565,RHEA:16965
Q8L5K2,17,0.7391304347826086,False,3,RHEA:32559,RHEA:32559
Q8PW34,15,0.6,False,5,RHEA:56944,RHEA:56944
Q8PYS1,16,0.6666666666666666,False,4,RHEA:31819,RHEA:31819
Q8S3A5,16,0.6666666666666666,True,4,RHEA:31895,RHEA:25444
Q8S3A6,16,0.6666666666666666,False,4,RHEA:25444,RHEA:25444
Q8S948,15,0.6,True,5,RHEA:11328,MARTS_EXT_RXN_de164cb3f0e1
Q8V9T7,20,1.0,True,0,RHEA:16965,RHEA:53628
Q8VWY3,19,0.9047619047619048,False,1,MARTS_EXT_RXN_6c228262ac8f,MARTS_EXT_RXN_6c228262ac8f
Q8VWY4,16,0.6666666666666666,False,4,RHEA:31007,RHEA:31007
Q8W1D0,18,0.8181818181818182,False,2,RHEA:60028,RHEA:60028
Q8W3Z0,18,0.8181818181818182,False,2,RHEA:31383,RHEA:31383
Q8WMY2,16,0.6666666666666666,True,4,RHEA:19361,RHEA:64572
Q8YN85,15,0.6,False,5,RHEA:31819,RHEA:31819
Q920E5,18,0.8181818181818182,True,2,RHEA:19361,RHEA:64572
Q92235,15,0.6,False,5,RHEA:11328,RHEA:11328
Q92236,18,0.8181818181818182,False,2,RHEA:17653,RHEA:17653
Q92250,16,0.6666666666666666,False,4,RHEA:19361,RHEA:19361
Q93WU1,18,0.8181818181818182,False,2,RHEA:26160,RHEA:26160
Q940E7,15,0.6,False,5,RHEA:16965,RHEA:16965
Q941S0,18,0.8181818181818182,False,2,RHEA:31007,RHEA:31007
Q94ID7,17,0.7391304347826086,True,3,RHEA:11328,MARTS_EXT_RXN_de164cb3f0e1
Q99R75,14,0.5384615384615384,False,6,MARTS_EXT_RXN_23432a8b720a,MARTS_EXT_RXN_23432a8b720a
Q9ACU1,16,0.6666666666666666,True,4,RHEA:54636,RHEA:60424
Q9AR67,16,0.6666666666666666,False,4,RHEA:12016,RHEA:12016
Q9AXM7,16,0.6666666666666666,True,4,RHEA:16965,RHEA:25508
Q9FQ26,18,0.8181818181818182,False,2,RHEA:25444,RHEA:25444
Q9FQM1,16,0.6666666666666666,False,4,RHEA:31007,RHEA:31007
Q9FUW5,16,0.6666666666666666,True,4,RHEA:19565,RHEA:16965
Q9FV72,17,0.7391304347826086,True,3,RHEA:16965,RHEA:32543
Q9FVL2,16,0.6666666666666666,False,4,RHEA:10340,RHEA:10340
Q9FXV8,17,0.7391304347826086,False,3,RHEA:81219,RHEA:81219
Q9LHR4,14,0.5384615384615384,False,6,RHEA:25649,RHEA:25649
Q9LIA0,14,0.5384615384615384,False,6,RHEA:25649,RHEA:25649
Q9LJY2,18,0.8181818181818182,False,2,RHEA:25649,RHEA:25649
Q9LKN1,16,0.6666666666666666,True,4,MARTS_EXT_RXN_6c1cbb35db92,RHEA:33103
Q9LUD9,15,0.6,False,5,RHEA:25641,RHEA:25641
Q9LUE1,16,0.6666666666666666,False,4,RHEA:25641,RHEA:25641
Q9NH03,14,0.5384615384615384,False,6,RHEA:19361,RHEA:19361
Q9P885,14,0.5384615384615384,False,6,RHEA:11328,RHEA:11328
Q9SDW9,15,0.6,False,5,RHEA:32295,RHEA:32295
Q9SLG2,16,0.6666666666666666,False,4,RHEA:79011,RHEA:79011
Q9SLW0,17,0.7391304347826086,True,3,RHEA:31383,RHEA:31007
Q9SLW1,15,0.6,False,5,RHEA:31887,RHEA:31887
Q9SLW3,19,0.9047619047619048,False,1,RHEA:21308,RHEA:21308
Q9SSU5,15,0.6,True,5,RHEA:21308,RHEA:14621
Q9SSU8,13,0.48148148148148145,False,7,MARTS_EXT_RXN_de164cb3f0e1,MARTS_EXT_RXN_de164cb3f0e1
Q9SSZ2,13,0.48148148148148145,False,7,RHEA:31007,RHEA:31007
Q9SW76,19,0.9047619047619048,True,1,RHEA:25496,RHEA:32543
Q9SW77,18,0.8181818181818182,True,2,MARTS_EXT_RXN_6c1cbb35db92,RHEA:33103
Q9UWR6,15,0.6,False,5,RHEA:19361,RHEA:19361
Q9WTN0,14,0.5384615384615384,False,6,RHEA:32679,RHEA:32679
Q9ZTN8,17,0.7391304347826086,True,3,RHEA:32703,RHEA:25613
Q9ZU77,16,0.6666666666666666,True,4,RHEA:25641,MARTS_EXT_RXN_de164cb3f0e1
QNC49769.1,19,0.9047619047619048,False,1,RHEA:14901,RHEA:14901
QND75951.1,16,0.6666666666666666,False,4,RHEA:32003,RHEA:32003
QND75952.1,16,0.6666666666666666,True,4,RHEA:33983,RHEA:20912
QND75953.1,17,0.7391304347826086,False,3,RHEA:25548,RHEA:25548
R4HEK6,14,0.5384615384615384,True,6,RHEA:27526,RHEA:32687
R4I3I0,15,0.6,False,5,RHEA:31415,RHEA:31415
R4JGM2,15,0.6,True,5,MARTS_EXT_RXN_cffca17c4e58,RHEA:16965
R4JHV9,16,0.6666666666666666,False,4,RHEA:32555,RHEA:32555
R4JJJ6,15,0.6,True,5,RHEA:68156,RHEA:16965
R4JND2,18,0.8181818181818182,False,2,RHEA:32555,RHEA:32555
R4JQS8,17,0.7391304347826086,False,3,RHEA:32555,RHEA:32555
R9UM72,19,0.9047619047619048,False,1,RHEA:22220,RHEA:22220
R9UPX6,18,0.8181818181818182,True,2,MARTS_EXT_RXN_324ed07f2f6e,RHEA:79011
R9UPX9,17,0.7391304347826086,False,3,RHEA:32703,RHEA:32703
R9W377,15,0.6,True,5,RHEA:32555,RHEA:25496
R9WSX5,13,0.48148148148148145,True,7,RHEA:31895,RHEA:25444
S0E627,16,0.6666666666666666,True,4,RHEA:11328,RHEA:17653
S4SC87,15,0.6,False,5,RHEA:68596,RHEA:68596
SRA.SRR18681978,18,0.8181818181818182,True,2,RHEA:41628,RHEA:34467
T1WGD9,17,0.7391304347826086,False,3,RHEA:30471,RHEA:30471
T2HPZ3,15,0.6,True,5,RHEA:12016,RHEA:31999
U5N0S4,16,0.6666666666666666,True,4,RHEA:16965,RHEA:25496
U5N1F1,17,0.7391304347826086,True,3,RHEA:19525,RHEA:32015
U5Y4T6,15,0.6,True,5,RHEA:12016,RHEA:31999
UPI0005ADA921,15,0.6,False,5,RHEA:25613,RHEA:25613
UPI0005AE096B,16,0.6666666666666666,False,4,RHEA:25544,RHEA:25544
UPI41561.1,16,0.6666666666666666,True,4,RHEA:41628,RHEA:29491
UPI41567.1,14,0.5384615384615384,True,6,RHEA:41628,RHEA:28294
V6RG22,15,0.6,False,5,RHEA:19361,RHEA:19361
W8NXF3,15,0.6,True,5,RHEA:29503,RHEA:34699
W8QEG7,14,0.5384615384615384,False,6,RHEA:33983,RHEA:33983
W8QMF8,17,0.7391304347826086,False,3,RHEA:33983,RHEA:33983
WDE20676.1,14,0.5384615384615384,True,6,RHEA:41628,RHEA:73979
WDE20677.1,17,0.7391304347826086,True,3,RHEA:41628,RHEA:31999
WDE20678.1,16,0.6666666666666666,True,4,RHEA:41628,RHEA:73979
WDE20679.1,16,0.6666666666666666,True,4,RHEA:41628,RHEA:31999
WFJ08646.1,16,0.6666666666666666,True,4,RHEA:74711,RHEA:66644
WKM69308.1,16,0.6666666666666666,False,4,RHEA:11328,RHEA:11328
WKM69310.1,17,0.7391304347826086,False,3,RHEA:66644,RHEA:66644
WNV55396.1,19,0.9047619047619048,False,1,RHEA:33111,RHEA:33111
WNV55397.1,16,0.6666666666666666,False,4,RHEA:33111,RHEA:33111
WP_020942948,15,0.6,True,5,RHEA:42996,RHEA:25617
WP_030431358.1,15,0.6,False,5,RHEA:64856,RHEA:64856
WP_051165600.1,14,0.5384615384615384,False,6,RHEA:78983,RHEA:78983
WP_051714436,17,0.7391304347826086,False,3,RHEA:78983,RHEA:78983
WP_089795910.1,15,0.6,True,5,MARTS_EXT_RXN_8c6cae136e8b,RHEA:28294
WP_091046421.1,16,0.6666666666666666,False,4,RHEA:15809,RHEA:15809
WP_092528762.1,15,0.6,False,5,RHEA:25992,RHEA:25992
WP_109642681,17,0.7391304347826086,True,3,RHEA:42996,RHEA:42988
WP_109642683,16,0.6666666666666666,True,4,RHEA:42988,RHEA:43000
WP_150521282,17,0.7391304347826086,False,3,RHEA:42988,RHEA:42988
WP_157383393,17,0.7391304347826086,False,3,RHEA:31823,RHEA:31823
WP_186376445,16,0.6666666666666666,True,4,RHEA:53644,RHEA:31999
WP_205789436,14,0.5384615384615384,True,6,MARTS_EXT_RXN_8c6cae136e8b,MARTS_EXT_RXN_accbb7c49b47
X4ZWN5,18,0.8181818181818182,False,2,RHEA:14841,RHEA:14841
X5A2Z7,17,0.7391304347826086,False,3,RHEA:33983,RHEA:33983
X5A4D6,16,0.6666666666666666,False,4,MARTS_EXT_RXN_9e53a7397306,MARTS_EXT_RXN_9e53a7397306
X5AHD9,18,0.8181818181818182,False,2,RHEA:33983,RHEA:33983
X5AIS9,15,0.6,False,5,MARTS_EXT_RXN_e9ed9dc21c00,MARTS_EXT_RXN_e9ed9dc21c00
XDF46149.1,14,0.5384615384615384,True,6,RHEA:17653,RHEA:29507
XDF46150.1,16,0.6666666666666666,False,4,RHEA:85535,RHEA:85535
XDF46151.1,17,0.7391304347826086,False,3,RHEA:33103,RHEA:33103
XDF46152.1,15,0.6,True,5,RHEA:54380,MARTS_EXT_RXN_d4f733465fb3
XDF46154.1,16,0.6666666666666666,True,4,RHEA:12052,MARTS_EXT_RXN_d4f733465fb3
XNX58198.1,19,0.9047619047619048,False,1,RHEA:28294,RHEA:28294
XP_010247958.1,15,0.6,False,5,RHEA:28294,RHEA:28294
XP_010260723.1,13,0.48148148148148145,False,7,RHEA:18721,RHEA:18721
XP_055691875.1,17,0.7391304347826086,False,3,RHEA:68852,RHEA:68852
YP_009449088,16,0.6666666666666666,False,4,RHEA:73951,RHEA:73951
marts_E00001,12,0.42857142857142855,True,8,RHEA:68712,RHEA:30383
marts_E00039,17,0.7391304347826086,True,3,RHEA:41628,RHEA:29491
marts_E00040,15,0.6,True,5,RHEA:31999,RHEA:29491
marts_E00058,16,0.6666666666666666,True,4,RHEA:41628,RHEA:42996
marts_E00439,16,0.6666666666666666,True,4,RHEA:41628,RHEA:31999
marts_E00440,14,0.5384615384615384,False,6,RHEA:31999,RHEA:31999
marts_E00593,15,0.6,True,5,RHEA:53616,RHEA:27425
marts_E00594,18,0.8181818181818182,False,2,RHEA:19525,RHEA:19525
marts_E00595,18,0.8181818181818182,False,2,RHEA:33119,RHEA:33119
marts_E00596,17,0.7391304347826086,False,3,RHEA:15809,RHEA:15809
marts_E00597,15,0.6,True,5,RHEA:32019,MARTS_EXT_RXN_5ebefc2c5944
marts_E00628,14,0.5384615384615384,False,6,RHEA:34695,RHEA:34695
marts_E00648,16,0.6666666666666666,False,4,RHEA:31999,RHEA:31999
marts_E00649,18,0.8181818181818182,True,2,RHEA:41628,RHEA:31999
marts_E00650,17,0.7391304347826086,False,3,RHEA:29491,RHEA:29491
marts_E00746,14,0.5384615384615384,True,6,RHEA:68156,RHEA:29491
marts_E00793,12,0.42857142857142855,True,8,RHEA:68712,MARTS_EXT_RXN_07865104318f
marts_E00794,15,0.6,True,5,RHEA:68156,RHEA:28294
marts_E00826,13,0.48148148148148145,True,7,RHEA:41628,RHEA:29491
marts_E00827,17,0.7391304347826086,False,3,RHEA:77975,RHEA:77975
marts_E00881,17,0.7391304347826086,True,3,RHEA:41628,RHEA:29491
marts_E00882,15,0.6,False,5,RHEA:29491,RHEA:29491
marts_E01311,14,0.5384615384615384,False,6,RHEA:20912,RHEA:20912
marts_E01335,18,0.8181818181818182,True,2,RHEA:66652,RHEA:77079
