reaction_id,reaction_signature,reaction_smiles,source
MARTS_EXT_RXN_000c8b710696,CC(C)=CCCC(C)=CCCC(C)=CCCC=C(C)CCC=C(C)CCC=C(C)C>>C=C(C)C1CCC2(C)C1CCC1(C)C2CCC2C3(C)CCCC(C)(C)C3CCC21C,CC(C)=CCC/C(C)=C/CC/C(C)=C/CC/C=C(\C)CC/C=C(\C)CCC=C(C)C>>C=C(C)[C@H]1CC[C@]2(C)[C@H]3CC[C@@H]4[C@@]5(C)CCCC(C)(C)[C@@H]5CC[C@@]4(C)[C@]3(C)CC[C@@H]12,marts_registered
MARTS_EXT_RXN_012d56c064db,CC(C)=CCCC(C)=CCCC(C)=CCOP(=O)([O-])OP(=O)([O-])[O-]>>CC1CCCC2(C)CCCCC12O,CC(C)=CCC/C(C)=C/CC/C(C)=C/COP(=O)([O-])OP(=O)([O-])[O-]>>C[C@H]1CCC[C@@]2(C)CCCC[C@]12O,marts_registered
MARTS_EXT_RXN_0216267ce7f4,C=C1CCC2C(C)(C)CCCC2(C)C1CCC(C)=CCOP(=O)([O-])OP(=O)([O-])[O-]>>CC(C)=C1C=C2CCC3C(C)(C)CCCC3(C)C2CC1,C=C1CC[C@H]2C(C)(C)CCC[C@]2(C)[C@H]1CC/C(C)=C/COP(=O)([O-])OP(=O)([O-])[O-]>>CC(C)=C1C=C2CC[C@H]3C(C)(C)CCC[C@]3(C)[C@H]2CC1,marts_registered
MARTS_EXT_RXN_029b92fe95de,CC(C)=CCCC(C)=CCCC(C)=CCCC(C)=CCOP(=O)([O-])OP(=O)([O-])[O-]>>C=C1CCC(C(C)C)C2C=C(C)CCC=C(C)CCC12,CC(C)=CCC/C(C)=C/CC/C(C)=C/CC/C(C)=C/COP(=O)([O-])OP(=O)([O-])[O-]>>C=C1CC[C@@H](C(C)C)[C@H]2/C=C(/C)CC/C=C(\C)CC[C@H]12,marts_registered
MARTS_EXT_RXN_0304c0087056,CC(C)=CCCC(C)=CCCC(C)=CCCC=C(C)CCC=C(C)CCC1OC1(C)C>>CC(C)(O)C1CCC2(C)C1CCC1(C)C2CCC2C3(C)CCC(O)C(C)(C)C3CCC21C,CC(C)=CCC/C(C)=C/CC/C(C)=C/CC/C=C(\C)CC/C=C(\C)CC[C@@H]1OC1(C)C>>CC(C)(O)[C@H]1CC[C@]2(C)[C@H]3CC[C@@H]4[C@@]5(C)CC[C@H](O)C(C)(C)[C@@H]5CC[C@@]4(C)[C@]3(C)CC[C@@H]12,marts_registered
MARTS_EXT_RXN_033964ff02d8,CC(C)=CCCC(C)=CCCC(C)=CCCC(C)=CCCC(C)=CCOP(=O)([O-])OP(=O)([O-])[O-]>>CC1=CCC2(C)CCC(C(C)C)C2CC=C(C)C2=CCC(C)C2CC1,CC(C)=CCC/C(C)=C/CC/C(C)=C/CC/C(C)=C/CC/C(C)=C/COP(=O)([O-])OP(=O)([O-])[O-]>>C/C1=C/C[C@H]2[C@@H](C(C)C)CC[C@]2(C)C/C=C(\C)CC[C@H]2C1=CC[C@H]2C,marts_registered
MARTS_EXT_RXN_035143e0b4ac,C=C1CCC2C(C)(C)CCCC2(C)C1CCC(C)=CCOP(=O)([O-])OP(=O)([O-])[O-]>>C=C1CCC2C(C)(C)CCCC2(C)C1CCC(C)=CCO,C=C1CC[C@H]2C(C)(C)CCC[C@]2(C)[C@H]1CC/C(C)=C/COP(=O)([O-])OP(=O)([O-])[O-]>>C=C1CC[C@H]2C(C)(C)CCC[C@]2(C)[C@H]1CC/C(C)=C/CO,marts_registered
MARTS_EXT_RXN_0396c90bff0f,CC(C)=CCCC(C)=CCOP(=O)([O-])OP(=O)([O-])[O-]>>Cc1ccc(C(C)C)cc1,CC(C)=CCC/C(C)=C/COP(=O)([O-])OP(=O)([O-])[O-]>>Cc1ccc(C(C)C)cc1,marts_registered
MARTS_EXT_RXN_055064ae05a5,CC(C)=CCCC(C)=CCCC(C)=CCCC(C)=CCCC(C)=CCOP(=O)([O-])OP(=O)([O-])[O-]>>CC(C)C1CCC2=CC34C(C)CCC5C(C)CCC5(C3C)C4CC21C,CC(C)=CCC/C(C)=C/CC/C(C)=C/CC/C(C)=C/CC/C(C)=C/COP(=O)([O-])OP(=O)([O-])[O-]>>CC(C)[C@H]1CCC2=CC34C(C)C5(CC[C@H](C)[C@@H]5CC[C@@H]3C)[C@@H]4C[C@@]21C,marts_registered
MARTS_EXT_RXN_0601074748a9,CC(C)=CCCC(C)=CCCC(C)=CCCC(C)=CCOP(=O)([O-])OP(=O)([O-])[O-]>>CC1CCC2C(C)CCC3C2C2=C1CCC2(C)C3(C)C,CC(C)=CCC/C(C)=C/CC/C(C)=C/CC/C(C)=C/COP(=O)([O-])OP(=O)([O-])[O-]>>C[C@@H]1CC[C@H]2[C@@H]3C4=C(CC[C@@]4(C)C2(C)C)[C@@H](C)CC[C@H]31,marts_registered
MARTS_EXT_RXN_0718113ff706,CC(C)=CCCC(C)=CCCC(C)=CCCC(C)=CCOP(=O)([O-])OP(=O)([O-])[O-]>>CC1=CCCC(C)(O)C=CC(C)(C)CCCC(C)=CCC1,CC(C)=CCC/C(C)=C/CC/C(C)=C/CC/C(C)=C/COP(=O)([O-])OP(=O)([O-])[O-]>>C/C1=C\CC[C@](C)(O)/C=C/C(C)(C)CCC/C(C)=C/CC1,marts_registered
MARTS_EXT_RXN_07865104318f,CC(C)=CCCC(C)=CCCC(C)=CCOP(=O)([O-])OP(=O)([O-])[O-]>>C=CC1(C)CCC(C(C)C)C(O)C1C(=C)C,CC(C)=CCC/C(C)=C/CC/C(C)=C/COP(=O)([O-])OP(=O)([O-])[O-]>>C=CC1(C)CCC(C(C)C)C(O)C1C(=C)C,marts_registered
MARTS_EXT_RXN_08a2e34a37c3,CC(C)=CCOP(=O)([O-])OP(=O)([O-])[O-]>>C=C(C)C(CC=C(C)C)COP(=O)([O-])OP(=O)([O-])[O-],CC(C)=CCOP(=O)([O-])OP(=O)([O-])[O-]>>C=C(C)[C@@H](CC=C(C)C)COP(=O)([O-])OP(=O)([O-])[O-],marts_registered
MARTS_EXT_RXN_0aa1aeb0f8d8,CC(C)=CCCC(C)=CCCC(C)=CCOP(=O)([O-])OP(=O)([O-])[O-]>>CC1=CC2C(C(C)C)CCC(C)C2(O)CC1,CC(C)=CCC/C(C)=C/CC/C(C)=C/COP(=O)([O-])OP(=O)([O-])[O-]>>CC1=C[C@H]2[C@@H](C(C)C)CC[C@@H](C)[C@]2(O)CC1,marts_registered
MARTS_EXT_RXN_0b0f5e083f77,CC(C)=CCCC(C)=CCCC(C)=CCCC(C)=CCOP(=O)([O-])OP(=O)([O-])[O-]>>CC1=CCC2CC=C(C)C(CCC(C)=CCC1)C2(C)C,CC(C)=CCC/C(C)=C/CC/C(C)=C/CC/C(C)=C/COP(=O)([O-])OP(=O)([O-])[O-]>>CC1=CC[C@H]2C/C=C(\C)CC/C=C(\C)CC[C@H]1C2(C)C,marts_registered
MARTS_EXT_RXN_0bc621c08854,CC(C)=CCCC(C)=CCOP(=O)([O-])OP(=O)([O-])[O-]>>C=C(C)C1CCC=C(C)C1,CC(C)=CCC/C(C)=C/COP(=O)([O-])OP(=O)([O-])[O-]>>C=C(C)C1CCC=C(C)C1,marts_registered
MARTS_EXT_RXN_0d75732112ff,CC(C)=CCCC(C)=CCCC(C)=CCOP(=O)([O-])OP(=O)([O-])[O-]>>CC1=CC2=C(CC1)C(C)CCC2C(C)C,CC(C)=CCC/C(C)=C/CC/C(C)=C/COP(=O)([O-])OP(=O)([O-])[O-]>>CC1=CC2=C(CC1)[C@@H](C)CC[C@@H]2C(C)C,marts_registered
MARTS_EXT_RXN_0e08d025745c,CC(C)=CCCC(C)=CCCC(C)=CCCC(C)=CCOP(=O)([O-])OP(=O)([O-])[O-]>>CC1=CC23CCC4C(C)(C)CCCC4(C)C2CCC1C3,CC(C)=CCC/C(C)=C/CC/C(C)=C/CC/C(C)=C/COP(=O)([O-])OP(=O)([O-])[O-]>>CC1=C[C@@]23CC[C@@H]4C(C)(C)CCC[C@@]4(C)[C@@H]2CC[C@@H]1C3,marts_registered
MARTS_EXT_RXN_0e80c1eb7cd8,CC(C)=CCCC(C)=CCCC(C)=CCCC(C)=CCCC(C)=CCOP(=O)([O-])OP(=O)([O-])[O-]>>C=C1C2CCC1(C)CC1C2CC2(C)CCC3(C)CCC(C(C)C)C3C12,CC(C)=CCC/C(C)=C/CC/C(C)=C/CC/C(C)=C/CC/C(C)=C/COP(=O)([O-])OP(=O)([O-])[O-]>>C=C1[C@@H]2CC[C@@]1(C)C[C@H]1[C@@H]2C[C@@]2(C)CC[C@]3(C)CC[C@H](C(C)C)[C@H]3[C@H]12,marts_registered
MARTS_EXT_RXN_0fa82c3b7c55,CC(C)=CCCC(C)=CCCC(C)=CCCC(C)=CCOP(=O)([O-])OP(=O)([O-])[O-]>>C=C1CCC2C(C)CCC(C(=C)C)C2C2C(C)CCC12,CC(C)=CCC/C(C)=C/CC/C(C)=C/CC/C(C)=C/COP(=O)([O-])OP(=O)([O-])[O-]>>C=C(C)[C@@H]1CC[C@@H](C)[C@@H]2CCC(=C)[C@@H]3CC[C@H](C)[C@@H]3[C@H]21,marts_registered
MARTS_EXT_RXN_12ea76795241,CC(C)=CCCC(C)=CCCC(C)=CCOP(=O)([O-])OP(=O)([O-])[O-]>>C=C(C)C1CCC2(C1)C(C)=CCCC2C,CC(C)=CCC/C(C)=C/CC/C(C)=C/COP(=O)([O-])OP(=O)([O-])[O-]>>C=C(C)[C@@H]1CC[C@@]2(C1)C(C)=CCC[C@H]2C,marts_registered
MARTS_EXT_RXN_1428f098b24c,CC(C)=CCCC(C)=CCCC(C)=CCOP(=O)([O-])OP(=O)([O-])[O-]>>CC1=CCC2C(=C1)C(C(C)C)CCC2C,CC(C)=CCC/C(C)=C/CC/C(C)=C/COP(=O)([O-])OP(=O)([O-])[O-]>>CC1=CC[C@@H]2C(=C1)[C@@H](C(C)C)CC[C@H]2C,marts_registered
MARTS_EXT_RXN_16e609c93e52,CC(C)=CCCC(C)=CCCC(C)=CCCC(C)=CCCC(C)=CCOP(=O)([O-])OP(=O)([O-])[O-]>>CC1=CCC2C3CC4(C)CCC5(C)CCC(C(C)C)C5C4C3CC12C,CC(C)=CCC/C(C)=C/CC/C(C)=C/CC/C(C)=C/CC/C(C)=C/COP(=O)([O-])OP(=O)([O-])[O-]>>CC1=CCC2[C@H]3C[C@@]4(C)CC[C@]5(C)CC[C@H](C(C)C)[C@H]5[C@@H]4[C@H]3C[C@]12C,marts_registered
MARTS_EXT_RXN_193d44981939,CC(C)=CCCC(C)=CCCC(C)=CCCC(C)=CCOP(=O)([O-])OP(=O)([O-])[O-]>>C=C(CCC=C(C)C)C1CCC2(C)CCCC(C)=C2C1,CC(C)=CCC/C(C)=C/CC/C(C)=C/CC/C(C)=C/COP(=O)([O-])OP(=O)([O-])[O-]>>C=C(CCC=C(C)C)[C@@H]1CC[C@@]2(C)CCCC(C)=C2C1,marts_registered
MARTS_EXT_RXN_1c2da1449873,CC(C)=CCCC(C)=CCCC(C)=CCCC(C)=CCOP(=O)([O-])OP(=O)([O-])[O-]>>CC1=C2CCC3(C)C2C2C(CC1)C(C)CCC2C3(C)C,CC(C)=CCC/C(C)=C/CC/C(C)=C/CC/C(C)=C/COP(=O)([O-])OP(=O)([O-])[O-]>>CC1=C2CC[C@]3(C)[C@@H]2[C@@H]2[C@@H](CC1)[C@H](C)CC[C@@H]2C3(C)C,marts_registered
MARTS_EXT_RXN_1d852b407f95,CC(C)=CCCC(C)=CCCC(C)=CCCC(C)=CCOP(=O)([O-])OP(=O)([O-])[O-]>>CC(C)=CCCC(C)=CCCC(C)=C1CC=C(C)CC1,CC(C)=CCC/C(C)=C\CC/C(C)=C\CC/C(C)=C\COP(=O)([O-])OP(=O)([O-])[O-]>>CC(C)=CCC/C(C)=C\CC/C(C)=C1\CC=C(C)CC1,marts_registered
MARTS_EXT_RXN_1da1a2f90d9e,CC(C)=CCCC(C)=CCCC(C)=CCOP(=O)([O-])OP(=O)([O-])[O-]>>C=C(C)C1CCC(C)(O)C2CCC(C)C2C1,CC(C)=CCC/C(C)=C/CC/C(C)=C/COP(=O)([O-])OP(=O)([O-])[O-]>>C=C(C)[C@@H]1CC[C@](C)(O)[C@@H]2CC[C@H](C)[C@@H]2C1,marts_registered
MARTS_EXT_RXN_1f7cef5e91c2,CC(C)=CCCC(C)=CCCC(C)=CCOP(=O)([O-])OP(=O)([O-])[O-]>>CC1=CCC2C(C)(C)CCCC2(C)C1COP(=O)(O)OP(=O)(O)O,CC(C)=CCC/C(C)=C/CC/C(C)=C/COP(=O)([O-])OP(=O)([O-])[O-]>>CC1=CCC2C(C)(C)CCC[C@]2(C)[C@H]1COP(=O)(O)OP(=O)(O)O,marts_registered
MARTS_EXT_RXN_219616d40b4a,CC(C)=CCCC(C)=CCCC(C)=CCCC=C(C)CCC=C(C)CCC1OC1(C)C>>CC1C(=O)CCC2C1(C)CCC1C2(C)CCC2(C)C3CC(C)(C)CCC3(C)CCC12C,CC(C)=CCC/C(C)=C/CC/C(C)=C/CC/C=C(\C)CC/C=C(\C)CC[C@@H]1OC1(C)C>>C[C@H]1C(=O)CC[C@@H]2[C@]1(C)CC[C@H]1[C@@]2(C)CC[C@@]2(C)[C@@H]3CC(C)(C)CC[C@]3(C)CC[C@]12C,marts_registered
MARTS_EXT_RXN_2250a8a7fe50,CC(C)=CCCC(C)=CCCC(C)=CCOP(=O)([O-])OP(=O)([O-])[O-]>>CC1CCC2=C1CC1CCC2(C)C1(C)C,CC(C)=CCC/C(C)=C/CC/C(C)=C/COP(=O)([O-])OP(=O)([O-])[O-]>>C[C@H]1CCC2=C1C[C@H]1CC[C@]2(C)C1(C)C,marts_registered
MARTS_EXT_RXN_22bda90ee992,CC(C)=CCCC(C)=CCCC(C)=CCCC(C)=CCOP(=O)([O-])OP(=O)([O-])[O-]>>CC(C)=CCCC(C)=CCCC1(C)C2CC3C(C2)C31C,CC(C)=CCC/C(C)=C\CC/C(C)=C\CC/C(C)=C\COP(=O)([O-])OP(=O)([O-])[O-]>>CC(C)=CCC/C(C)=C\CCC1(C)C2CC3C(C2)C31C,marts_registered
MARTS_EXT_RXN_23432a8b720a,CC(C)=CCCC(C)=CCCC(C)=CCCC(C)=CCCC(C)=CCCC(C)=CCOP(=O)([O-])OP(=O)([O-])[O-]>>C=CC(=C)CCC=C(C)CCC=C(C)CCC=C(C)CCC=C(C)CCC=C(C)C,CC(C)=CCC/C(C)=C/CC/C(C)=C/CC/C(C)=C/CC/C(C)=C/CC/C(C)=C/COP(=O)([O-])OP(=O)([O-])[O-]>>C=CC(=C)CC/C=C(\C)CC/C=C(\C)CC/C=C(\C)CC/C=C(\C)CCC=C(C)C,marts_registered
MARTS_EXT_RXN_237f1c153ad6,CC(C)=CCCC(C)=CCCC(C)=CCCC(C)=CCOP(=O)([O-])OP(=O)([O-])[O-]>>CC1=CC2C(CCC(C)=CCC1)C(C)CCC2(O)C(C)C,CC(C)=CCC/C(C)=C/CC/C(C)=C/CC/C(C)=C/COP(=O)([O-])OP(=O)([O-])[O-]>>C/C1=C\[C@@H]2[C@H](CC/C(C)=C/CC1)[C@@H](C)CC[C@]2(O)C(C)C,marts_registered
MARTS_EXT_RXN_23b0ccdf5255,C=C1CCC2C(C)(C)CCCC2(C)C1CCC(C)=CCOP(=O)([O-])OP(=O)([O-])[O-]>>CC(C)C1=CC=C2C(CCC3C(C)(C)CCCC23C)C1,C=C1CC[C@@H]2C(C)(C)CCC[C@@]2(C)[C@@H]1CC/C(C)=C/COP(=O)([O-])OP(=O)([O-])[O-]>>CC(C)C1=CC=C2[C@@H](CC[C@@H]3C(C)(C)CCC[C@@]23C)C1,marts_registered
MARTS_EXT_RXN_247c337c8f65,CC(C)=CCCC(C)=CCCC(C)=CCCC(C)=CCCC(C)=CCOP(=O)([O-])OP(=O)([O-])[O-]>>C=C1C2=C(CC3(C)CCC(C(C)C)C3C2)C(C)CCC2C(C)CCC12,CC(C)=CCC/C(C)=C/CC/C(C)=C/CC/C(C)=C/CC/C(C)=C/COP(=O)([O-])OP(=O)([O-])[O-]>>C=C1C2=C(C[C@@]3(C)CC[C@@H](C(C)C)[C@@H]3C2)[C@@H](C)CC[C@@H]2[C@@H]1CC[C@@H]2C,marts_registered
MARTS_EXT_RXN_2554ee320331,CC(C)=CCCC(C)=CCCC(C)=CCCC(C)=CCCC(C)=CCOP(=O)([O-])OP(=O)([O-])[O-]>>C=C(C)C1CCC2(C)CC=C(C)CCC=C(C)CCC=C(C)CCC12,CC(C)=CCC/C(C)=C/CC/C(C)=C/CC/C(C)=C/CC/C(C)=C/COP(=O)([O-])OP(=O)([O-])[O-]>>C=C(C)[C@H]1CC[C@]2(C)C/C=C(\C)CC/C=C(\C)CC/C=C(\C)CC[C@@H]12,marts_registered
MARTS_EXT_RXN_27964350d2e0,CC(C)=CCCC(C)=CCCC(C)=CCCC(C)=CCCC(C)=CCOP(=O)([O-])OP(=O)([O-])[O-]>>CC(C)C1CCC2(C)CCC3(C)CC4C5=CCC(C)C5(C)CC4C3C12,CC(C)=CCC/C(C)=C/CC/C(C)=C/CC/C(C)=C/CC/C(C)=C/COP(=O)([O-])OP(=O)([O-])[O-]>>CC(C)[C@H]1CC[C@@]2(C)CC[C@]3(C)C[C@@H]4C5=CC[C@H](C)[C@@]5(C)C[C@@H]4[C@H]3[C@H]12,marts_registered
MARTS_EXT_RXN_29704a84d49c,CC(C)=CCCC(C)=CCCC(C)=CCCC(C)=CCOP(=O)([O-])OP(=O)([O-])[O-]>>CC(=CCO)CCC1C(C)(O)CCC2C(C)(C)CCCC21C,CC(C)=CCC/C(C)=C/CC/C(C)=C/CC/C(C)=C/COP(=O)([O-])OP(=O)([O-])[O-]>>C/C(=C\CO)CC[C@@H]1[C@@]2(C)CCCC(C)(C)[C@@H]2CC[C@@]1(C)O,marts_registered
MARTS_EXT_RXN_29bbf964d264,C=C1CCC2C(C)(C)CCCC2(C)C1CCC(C)=CCOP(=O)([O-])OP(=O)([O-])[O-]>>CC(C)C1=CC2=C(CC1)C1(C)CCCC(C)(C)C1CC2,C=C1CC[C@H]2C(C)(C)CCC[C@]2(C)[C@H]1CC/C(C)=C/COP(=O)([O-])OP(=O)([O-])[O-]>>CC(C)C1=CC2=C(CC1)[C@@]1(C)CCCC(C)(C)[C@@H]1CC2,marts_registered
MARTS_EXT_RXN_2a8513f7b1f9,CC(C)=CCCC(C)=CCCC(C)=CCCC(C)=CCCC(C)=CCOP(=O)([O-])OP(=O)([O-])[O-]>>C=C(CCC=C(C)CCC=C(C)C)C1C2C(C)CCC2C2(C)CCC12,CC(C)=CCC/C(C)=C/CC/C(C)=C/CC/C(C)=C/CC/C(C)=C/COP(=O)([O-])OP(=O)([O-])[O-]>>C=C(CC/C=C(\C)CCC=C(C)C)[C@@H]1[C@@H]2[C@@H](CC[C@@H]2C)[C@]2(C)CC[C@H]12,marts_registered
MARTS_EXT_RXN_2d4d4df1341b,CC(C)=CCCC(C)=CCCC(C)=CCCC(C)=CCCC(C)=CCOP(=O)([O-])OP(=O)([O-])[O-]>>CC1=CCCC(C)C12CCC(C)C1CC3(C)CCC(C(C)C)C3=CC12,CC(C)=CCC/C(C)=C/CC/C(C)=C/CC/C(C)=C/CC/C(C)=C/COP(=O)([O-])OP(=O)([O-])[O-]>>CC1=CCC[C@H](C)[C@@]12CC[C@H](C)[C@H]1C[C@@]3(C)CC[C@H](C(C)C)C3=CC12,marts_registered
MARTS_EXT_RXN_2d848cafa6c3,CC(C)=CCCC(C)=CCCC(C)=CCCC(C)=CCOP(=O)([O-])OP(=O)([O-])[O-]>>C=C1CCC(C(C)C)C12CCC1(C)C3CCC(C)C3C12,CC(C)=CCC/C(C)=C/CC/C(C)=C/CC/C(C)=C/COP(=O)([O-])OP(=O)([O-])[O-]>>C=C1CCC(C(C)C)[C@@]12CCC1(C)C3CCC(C)C3C12,marts_registered
MARTS_EXT_RXN_2e27139e482a,CC(C)=CCCC(C)=CCCC(C)=CCOP(=O)([O-])OP(=O)([O-])[O-]>>C=CC1(C)CCC(C(C)(C)O)CC1C(=C)C,CC(C)=CCC/C(C)=C/CC/C(C)=C/COP(=O)([O-])OP(=O)([O-])[O-]>>C=C[C@]1(C)CC[C@@H](C(C)(C)O)C[C@H]1C(=C)C,marts_registered
MARTS_EXT_RXN_2e59d1c7b929,CC(C)=CCCC(C)=CCCC(C)=CCCC(C)=CCOP(=O)([O-])OP(=O)([O-])[O-]>>CC(C)=CCCC(C)C1CCC(C)c2ccc(C)cc21,CC(C)=CCC/C(C)=C\CC/C(C)=C\CC/C(C)=C\COP(=O)([O-])OP(=O)([O-])[O-]>>CC(C)=CCC[C@H](C)[C@@H]1CC[C@@H](C)c2ccc(C)cc21,marts_registered
MARTS_EXT_RXN_2e5de5bb57ab,CC(C)=CCCC(C)=CCCC(C)=CCOP(=O)([O-])OP(=O)([O-])[O-]>>CC1=CCC2(C)CCC(C(C)(C)O)C2CC1,CC(C)=CCC/C(C)=C/CC/C(C)=C/COP(=O)([O-])OP(=O)([O-])[O-]>>CC1=CC[C@@]2(C)CC[C@H](C(C)(C)O)[C@@H]2CC1,marts_registered
MARTS_EXT_RXN_2ffb342ca060,CC(C)=CCCC(C)=CCCC(C)=CCOP(=O)([O-])OP(=O)([O-])[O-]>>CC1=CCC(C2=CCCC(C)(C)C2)CC1,CC(C)=CCC/C(C)=C/CC/C(C)=C/COP(=O)([O-])OP(=O)([O-])[O-]>>CC1=CC[C@@H](C2=CCCC(C)(C)C2)CC1,marts_registered
MARTS_EXT_RXN_308ae5d61a8d,CC(C)=CCCC(C)=CCCC(C)=CCOP(=O)([O-])OP(=O)([O-])[O-]>>CC1(C)CCCC2(C)C3CC4C(C31)C42C,CC(C)=CCC/C(C)=C/CC/C(C)=C/COP(=O)([O-])OP(=O)([O-])[O-]>>CC1(C)CCC[C@@]2(C)[C@H]3CC4C([C@@H]31)C42C,marts_registered
MARTS_EXT_RXN_318de1e2f880,CC(C)=CCCC(C)=CCCC(C)=CCCC(C)=CCOP(=O)([O-])OP(=O)([O-])[O-]>>C=C(CCC=C(C)C)C1CC=C(C)CCC=C(C)CC1,CC(C)=CCC/C(C)=C/CC/C(C)=C/CC/C(C)=C/COP(=O)([O-])OP(=O)([O-])[O-]>>C=C(CCC=C(C)C)C1C/C=C(\C)CC/C=C(\C)CC1,marts_registered
MARTS_EXT_RXN_324ed07f2f6e,CC(C)=CCCC(C)=CCCC(C)=CCCC(C)=CCOP(=O)([O-])OP(=O)([O-])[O-]>>C=C1CC23CCC4C(C)(C)CCCC4(C)C2CCC1C3,CC(C)=CCC/C(C)=C/CC/C(C)=C/CC/C(C)=C/COP(=O)([O-])OP(=O)([O-])[O-]>>C=C1C[C@@]23CC[C@@H]4C(C)(C)CCC[C@@]4(C)[C@@H]2CC[C@@H]1C3,marts_registered
MARTS_EXT_RXN_33b3f74378db,CC(C)=CCCC(C)=CCOP(=O)([O-])OP(=O)([O-])[O-]>>CC1=CCC2C(C1)C2(C)C,CC(C)=CCC/C(C)=C/COP(=O)([O-])OP(=O)([O-])[O-]>>CC1=CC[C@@H]2[C@H](C1)C2(C)C,marts_registered
MARTS_EXT_RXN_37c622385e92,CC(C)=CCCC(C)=CCCC(C)=CCOP(=O)([O-])OP(=O)([O-])[O-]>>C=C1CCC(C(C)C)C12CC=C(C)CC2,CC(C)=CCC/C(C)=C/CC/C(C)=C/COP(=O)([O-])OP(=O)([O-])[O-]>>C=C1CC[C@@H](C(C)C)C12CC=C(C)CC2,marts_registered
MARTS_EXT_RXN_380c83705f05,CC(C)=CCCC(C)=CCCC(C)=CCCC(C)=CCOP(=O)([O-])OP(=O)([O-])[O-]>>C=C(C)C1=CCC(C)=CCCC(C)=CCCC(C)=CC1,CC(C)=CCC/C(C)=C/CC/C(C)=C/CC/C(C)=C/COP(=O)([O-])OP(=O)([O-])[O-]>>C=C(C)/C1=C\C/C(C)=C/CC/C(C)=C/CC/C(C)=C/C1,marts_registered
MARTS_EXT_RXN_38d26f0aa1b1,CC(C)=CCCC(C)=CCCC(C)=CCOP(=O)([O-])OP(=O)([O-])[O-]>>C=C1CCCC2(C)C3CCC12CC3(C)C,CC(C)=CCC/C(C)=C/CC/C(C)=C/COP(=O)([O-])OP(=O)([O-])[O-]>>C=C1CCCC2(C)C3CCC12CC3(C)C,marts_registered
MARTS_EXT_RXN_3abc72608e40,C=C1CCC2C(C)(C)CCCC2(C)C1CCC(C)=CCOP(=O)([O-])OP(=O)([O-])[O-]>>CC(C)C1=CCC2C(=C1)CCC1C(C)(C)CCCC21C,C=C1CC[C@H]2C(C)(C)CCC[C@]2(C)[C@H]1CC/C(C)=C/COP(=O)([O-])OP(=O)([O-])[O-]>>CC(C)C1=CC[C@H]2C(=C1)CC[C@H]1C(C)(C)CCC[C@]21C,marts_registered
MARTS_EXT_RXN_3ae1fc659b14,CC(C)=CCCC(C)=CCCC(C)=CCOP(=O)([O-])OP(=O)([O-])[O-]>>CC1=CCC23C(C)CCC(C(C)C)C2C13,CC(C)=CCC/C(C)=C/CC/C(C)=C/COP(=O)([O-])OP(=O)([O-])[O-]>>CC1=CC[C@@]23[C@@H]([C@@H]12)[C@H](C(C)C)CC[C@H]3C,marts_registered
MARTS_EXT_RXN_3bed24cf1ac1,CC(C)=CCCC(C)=CCCC(C)=CCCC(C)=CCCC(C)=CCOP(=O)([O-])OP(=O)([O-])[O-]>>C=C1CCC=C(C)CCC=C(C)C2CC3C(C(C)C)CCC3(C)CC12,CC(C)=CCC/C(C)=C/CC/C(C)=C/CC/C(C)=C/CC/C(C)=C/COP(=O)([O-])OP(=O)([O-])[O-]>>C=C1CC/C=C(\C)CC/C=C(\C)[C@H]2C[C@H]3[C@@H](C(C)C)CC[C@]3(C)C[C@H]12,marts_registered
MARTS_EXT_RXN_3d09cb5fb800,CC(C)=CCCC(C)=CCCC(C)=CCOP(=O)([O-])OP(=O)([O-])[O-]>>C=C1C=C2C(CC1)C(C)CCCC2(C)C,CC(C)=CCC/C(C)=C/CC/C(C)=C\COP(=O)([O-])OP(=O)([O-])[O-]>>C=C1C=C2[C@@H](CC1)[C@H](C)CCCC2(C)C,marts_registered
MARTS_EXT_RXN_3fcdccf20787,CC(C)=CCCC(C)=CCCC(C)=CCCC(C)=CCCC(C)=CCOP(=O)([O-])OP(=O)([O-])[O-]>>C=C1C=CC2(C)CCC(C(C)C)C2CCC(C)=CCCC(C)=CCC1,CC(C)=CCC/C(C)=C/CC/C(C)=C/CC/C(C)=C/CC/C(C)=C/COP(=O)([O-])OP(=O)([O-])[O-]>>C=C1/C=C/[C@@]2(C)CC[C@H](C(C)C)[C@@H]2CC/C(C)=C/CC/C(C)=C/CC1,marts_registered
MARTS_EXT_RXN_4016ec72d95a,CC(C)=CCCC(C)=CCCC(C)=CCCC(C)=CCCC(C)=CCOP(=O)([O-])OP(=O)([O-])[O-]>>CC1=CCC2C(=C(C)C3CC4C(C(C)C)CCC4(C)CC13)CCC2C,CC(C)=CCC/C(C)=C/CC/C(C)=C/CC/C(C)=C/CC/C(C)=C/COP(=O)([O-])OP(=O)([O-])[O-]>>CC1=CC[C@@H]2C(=C(C)[C@H]3C[C@H]4[C@H](C(C)C)CC[C@]4(C)C[C@H]13)CC[C@@H]2C,marts_registered
MARTS_EXT_RXN_412a1f752827,CC(C)=CCCC(C)=CCCC(C)=CC1C(COP(=O)([O-])OP(=O)([O-])[O-])C1(C)CCC=C(C)CCC=C(C)C>>CC(C)=CCCC(C)=CCCC(C)=CCCC=C(C)CCC=C(C)CCC=C(C)C,CC(C)=CCC/C(C)=C/CC/C(C)=C/[C@H]1[C@H](COP(=O)([O-])OP(=O)([O-])[O-])[C@@]1(C)CC/C=C(\C)CCC=C(C)C>>CC(C)=CCC/C(C)=C/CC/C(C)=C/CC/C=C(\C)CC/C=C(\C)CCC=C(C)C,marts_registered
MARTS_EXT_RXN_42bfdab7b6fd,CC(C)=CCCC(C)=CCCC(C)=CCOP(=O)([O-])OP(=O)([O-])[O-]>>CC(C)C1CCC2(C)C3CC4C(C13)C42C,CC(C)=CCC/C(C)=C/CC/C(C)=C/COP(=O)([O-])OP(=O)([O-])[O-]>>CC(C)[C@H]1CCC2(C)C3CC4C(C31)C42C,marts_registered
MARTS_EXT_RXN_4356ef28995d,CC(C)=CCCC(C)=CCCC(C)=CCCC(C)=CCOP(=O)([O-])OP(=O)([O-])[O-]>>CC(C)C1=CC23C(O)C(C)CCC2(C)CCC3C(C)CC1,CC(C)=CCC/C(C)=C/CC/C(C)=C/CC/C(C)=C/COP(=O)([O-])OP(=O)([O-])[O-]>>CC(C)C1=C[C@@]23[C@H](CC[C@]2(C)CC[C@H](C)[C@@H]3O)[C@@H](C)CC1,marts_registered
MARTS_EXT_RXN_455979525191,CC(C)=CCCC(C)=CCCC(C)=CCCC=C(C)CCC=C(C)CCC1OC1(C)C>>CC(C)(O)C1CCC2(C)CCC3(C)C(CCC4C5(C)CCC(O)C(C)(C)C5CCC43C)C12,CC(C)=CCC/C(C)=C/CC/C(C)=C/CC/C=C(\C)CC/C=C(\C)CC[C@@H]1OC1(C)C>>CC(C)(O)[C@@H]1CC[C@]2(C)CC[C@]3(C)[C@H](CC[C@@H]4[C@@]5(C)CC[C@H](O)C(C)(C)[C@@H]5CC[C@]43C)[C@@H]12,marts_registered
MARTS_EXT_RXN_45be1b4caa76,CC(C)=CCCC(C)=CCCC(C)=CCOP(=O)([O-])OP(=O)([O-])[O-]>>C=C1CCC2CC3(C)CCC(C)(C)C3C12,CC(C)=CCC/C(C)=C/CC/C(C)=C/COP(=O)([O-])OP(=O)([O-])[O-]>>C=C1CC[C@H]2C[C@]3(C)CCC(C)(C)[C@@H]3[C@@H]12,marts_registered
MARTS_EXT_RXN_480dcc05c335,C=C1CCC2C(C)(C)CCCC2(C)C1CCC(C)=CCOP(=O)([O-])OP(=O)([O-])[O-]>>C=CC1(C)CCC2C(O)(CCC3C(C)(C)CCCC32C)C1,C=C1CC[C@H]2C(C)(C)CCC[C@]2(C)[C@H]1CC/C(C)=C/COP(=O)([O-])OP(=O)([O-])[O-]>>C=C[C@@]1(C)CC[C@H]2[C@@](O)(CC[C@H]3C(C)(C)CCC[C@@]32C)C1,marts_registered
MARTS_EXT_RXN_4959109219e5,CC(C)=CCCC(C)=CCCC(C)=CCCC(C)=CCOP(=O)([O-])OP(=O)([O-])[O-]>>C=C(CCC=C(C)C)C1C2C(C)CCC2C2(C)CCC12,CC(C)=CCC/C(C)=C/CC/C(C)=C/CC/C(C)=C/COP(=O)([O-])OP(=O)([O-])[O-]>>C=C(CCC=C(C)C)[C@@H]1[C@@H]2[C@@H](CC[C@@H]2C)[C@]2(C)CC[C@H]12,marts_registered
MARTS_EXT_RXN_4b39e8d478ce,CC(C)=CCCC(C)=CCCC(C)=CCOP(=O)([O-])OP(=O)([O-])[O-]>>CC1=CCCC2C(=C(C)C)CCC2(C)C1,CC(C)=CCC/C(C)=C/CC/C(C)=C/COP(=O)([O-])OP(=O)([O-])[O-]>>CC1=CCC[C@H]2C(=C(C)C)CC[C@]2(C)C1,marts_registered
MARTS_EXT_RXN_4b410b511327,CC(C)=CCCC(C)=CCCC(C)=CCCC(C)=CCOP(=O)([O-])OP(=O)([O-])[O-]>>CC1=CCCC(C)=CC2C(C(C)C)CCC2(C)C=CC1,CC(C)=CCC/C(C)=C/CC/C(C)=C/CC/C(C)=C/COP(=O)([O-])OP(=O)([O-])[O-]>>C/C1=C\CC/C(C)=C/[C@@H]2[C@@H](C(C)C)CC[C@]2(C)/C=C/C1,marts_registered
MARTS_EXT_RXN_4c4ba4bc0549,CC(C)=CCCC(C)=CCCC(C)=CCCC=C(C)CCC=C(C)CCC1OC1(C)C>>C=C1CCC(O)C(C)(C)C1CCC(C)=CCCC=C(C)CCC=C(C)CCC=C(C)C,CC(C)=CCC/C(C)=C/CC/C(C)=C/CC/C=C(\C)CC/C=C(\C)CC[C@@H]1OC1(C)C>>C=C1CC[C@H](O)C(C)(C)[C@@H]1CC/C(C)=C/CC/C=C(\C)CC/C=C(\C)CCC=C(C)C,marts_registered
MARTS_EXT_RXN_4ceba15356bf,CC(C)=CCCC(C)=CCCC(C)=CCCC(C)=CCCC(C)=CCOP(=O)([O-])OP(=O)([O-])[O-]>>CC(C)C1CCC2(C)CCC3(C)C=C4C(CC5(C)CCCC45C)C3C12,CC(C)=CCC/C(C)=C/CC/C(C)=C/CC/C(C)=C/CC/C(C)=C/COP(=O)([O-])OP(=O)([O-])[O-]>>CC(C)[C@H]1CC[C@@]2(C)CC[C@]3(C)C=C4[C@H](C[C@]5(C)CCC[C@]45C)[C@H]3[C@H]12,marts_registered
MARTS_EXT_RXN_4cfa7e6347ac,CC(C)=CCCC(C)=CCCC(C)=CCOP(=O)([O-])OP(=O)([O-])[O-]>>CC1CCC2(O)C(C)(C)C3CCC2(C)C1C3,CC(C)=CCC/C(C)=C/CC/C(C)=C/COP(=O)([O-])OP(=O)([O-])[O-]>>C[C@H]1CC[C@@]2(O)C(C)(C)[C@@H]3CC[C@@]2(C)[C@H]1C3,marts_registered
MARTS_EXT_RXN_4d9779092922,CC(C)=CCCC(C)=CCCC(C)=CCCC(C)=CCOP(=O)([O-])OP(=O)([O-])[O-]>>C=C1CCCC2(C)CCC3(C)C(C)CCC4CC1C2C43,CC(C)=CCC/C(C)=C/CC/C(C)=C/CC/C(C)=C/COP(=O)([O-])OP(=O)([O-])[O-]>>C=C1CCC[C@@]2(C)CC[C@]3(C)[C@H]4[C@@H](CC[C@H]3C)C[C@H]1[C@H]42,marts_registered
MARTS_EXT_RXN_4e8885af0277,CC(C)=CCCC(C)=CCCC(C)=CCOP(=O)([O-])OP(=O)([O-])[O-]>>CC(C)=CCCC(C)=CCCC(C)=CCOCC=C(C)CCC=C(C)CCC=C(C)C,CC(C)=CCC/C(C)=C/CC/C(C)=C/COP(=O)([O-])OP(=O)([O-])[O-]>>CC(C)=CCC/C(C)=C/CC/C(C)=C/COC/C=C(\C)CC/C=C(\C)CCC=C(C)C,marts_registered
MARTS_EXT_RXN_4f0796dda836,CC(C)=CCCC(C)=CCCC(C)=CCCC(C)=CCOP(=O)([O-])OP(=O)([O-])[O-]>>C=C(C)C1CCC2(C)CC3C(=C)CCCC3(C)CCC12,CC(C)=CCC/C(C)=C/CC/C(C)=C/CC/C(C)=C/COP(=O)([O-])OP(=O)([O-])[O-]>>C=C(C)[C@@H]1CC[C@@]2(C)C[C@H]3C(=C)CCC[C@]3(C)CC[C@H]12,marts_registered
MARTS_EXT_RXN_4fcf7c82c333,C=C1CCC2C(C)(C)CCCC2(C)C1CCC(C)=CCOP(=O)([O-])OP(=O)([O-])[O-]>>CC(C)C1=CC2=CCC3C(C)(C)CCCC3(C)C2CC1,C=C1CC[C@H]2C(C)(C)CCC[C@]2(C)[C@H]1CC/C(C)=C/COP(=O)([O-])OP(=O)([O-])[O-]>>CC(C)C1=CC2=CC[C@H]3C(C)(C)CCC[C@]3(C)[C@H]2CC1,marts_registered
MARTS_EXT_RXN_4ffa9a18599e,CC(C)=CCCC(C)=CCCC(C)=CCOP(=O)([O-])OP(=O)([O-])[O-]>>CC1=CCC(C)(C2=CCCC2(C)C)CC1,CC(C)=CCC/C(C)=C/CC/C(C)=C/COP(=O)([O-])OP(=O)([O-])[O-]>>CC1=CC[C@](C)(C2=CCCC2(C)C)CC1,marts_registered
MARTS_EXT_RXN_510852dd5fb5,CC(C)=CCCC(C)=CCCC(C)=CCOP(=O)([O-])OP(=O)([O-])[O-]>>CC1=CCC2CC3C(C)CCC13C2(C)C,CC(C)=CCC/C(C)=C/CC/C(C)=C/COP(=O)([O-])OP(=O)([O-])[O-]>>CC1=CC[C@@H]2C[C@H]3[C@@H](C)CC[C@]13C2(C)C,marts_registered
MARTS_EXT_RXN_51c6e7c89344,CC(C)=CCCC(C)=CCCC(C)=CCCC(C)=CCOP(=O)([O-])OP(=O)([O-])[O-]>>CC1=C2CCC(C)C23CC2(C)CCC(C)(C)C2C3CC1,CC(C)=CCC/C(C)=C/CC/C(C)=C/CC/C(C)=C/COP(=O)([O-])OP(=O)([O-])[O-]>>CC1=C2CC[C@H](C)[C@]23C[C@@]2(C)CCC(C)(C)[C@H]2[C@@H]3CC1,marts_registered
MARTS_EXT_RXN_5298c5c71be1,CC(C)=CCCC(C)=CCCC(C)=CCOP(=O)([O-])OP(=O)([O-])[O-]>>CC1CCC(C(C)(C)O)CC2=C1CCC2C,CC(C)=CCC/C(C)=C/CC/C(C)=C/COP(=O)([O-])OP(=O)([O-])[O-]>>C[C@H]1CC[C@@H](C(C)(C)O)CC2=C1CC[C@@H]2C,marts_registered
MARTS_EXT_RXN_529b3e1ea6d5,CC(C)=CCCC(C)=CCCC(C)=CCOP(=O)([O-])OP(=O)([O-])[O-]>>C=CC1(C)CCC(C(C)C)=CC1C(=C)C,CC(C)=CCC/C(C)=C/CC/C(C)=C/COP(=O)([O-])OP(=O)([O-])[O-]>>C=C[C@@]1(C)CCC(C(C)C)=C[C@@H]1C(=C)C,marts_registered
MARTS_EXT_RXN_54f511ec7632,CC(C)=CCCC(C)=CCCC(C)=CCCC(C)=CCCC(C)=CCOP(=O)([O-])OP(=O)([O-])[O-]>>CC(C)C1CCC2(C)CCC3(C)CC4C5=CCC(C)(C)C5CC4C3C12,CC(C)=CCC/C(C)=C/CC/C(C)=C/CC/C(C)=C/CC/C(C)=C/COP(=O)([O-])OP(=O)([O-])[O-]>>CC(C)[C@H]1CC[C@@]2(C)CC[C@]3(C)C[C@@H]4C5=CCC(C)(C)C5C[C@@H]4[C@H]3[C@H]12,marts_registered
MARTS_EXT_RXN_55f4259a8324,CC(C)=CCCC(C)=CC=CC(C)=CC=CC(C)=CC=CC=C(C)C=CC=C(C)C=CC1=C(C)CCCC1(C)C>>CC(C=CC=C(C)C=CC1=C(C)CCCC1(C)C)=CC=CC=C(C)C=CC=C(C)C=CC1=C(C)CCCC1(C)C,CC(C)=CCC/C(C)=C/C=C/C(C)=C/C=C/C(C)=C/C=C/C=C(C)/C=C/C=C(C)/C=C/C1=C(C)CCCC1(C)C>>CC1=C(/C=C/C(C)=C/C=C/C(C)=C/C=C/C=C(C)/C=C/C=C(C)/C=C/C2=C(C)CCCC2(C)C)C(C)(C)CCC1,marts_registered
MARTS_EXT_RXN_574cd0378c5f,CC(C)=CCCC(C)=CCCC(C)=CCOP(=O)([O-])OP(=O)([O-])[O-]>>C=C1CCC2CC3CC(C)(C)CC3C12C,CC(C)=CCC/C(C)=C/CC/C(C)=C/COP(=O)([O-])OP(=O)([O-])[O-]>>C=C1CC[C@@H]2C[C@H]3CC(C)(C)C[C@H]3[C@]12C,marts_registered
MARTS_EXT_RXN_5834b8bc5c28,CC(C)=CCCC(C)=CCCC(C)=CCCC(C)=CCCC(C)=CCOP(=O)([O-])OP(=O)([O-])[O-]>>CC1=CCC2(C)CCC(C(C)C)C2C=CC(C)=C2CCC(C)C2CC1,CC(C)=CCC/C(C)=C/CC/C(C)=C/CC/C(C)=C/CC/C(C)=C/COP(=O)([O-])OP(=O)([O-])[O-]>>C/C1=C\C[C@@]2(C)CC[C@H](C(C)C)[C@@H]2/C=C/C(C)=C2\CC[C@@H](C)[C@H]2CC1,marts_registered
MARTS_EXT_RXN_5904725d5317,CC(C)=CCCC(C)=CCCC(C)=CCCC(C)=CCOP(=O)([O-])OP(=O)([O-])[O-]>>CC1=C2CCC(C)C2C23CCC(C(C)C)C2(C)CCC13,CC(C)=CCC/C(C)=C/CC/C(C)=C/CC/C(C)=C/COP(=O)([O-])OP(=O)([O-])[O-]>>CC1=C2CC[C@H](C)[C@@H]2[C@@]23CC[C@@H](C(C)C)[C@]2(C)CC[C@@H]13,marts_registered
MARTS_EXT_RXN_5aa1e407cf39,CC(C)=CCCC(C)=CCCC(C)=CCOP(=O)([O-])OP(=O)([O-])[O-]>>CC1=CCC2C1CC(C)(C)CC1CC12C,CC(C)=CCC/C(C)=C/CC/C(C)=C/COP(=O)([O-])OP(=O)([O-])[O-]>>CC1=CC[C@@H]2[C@@H]1CC(C)(C)C[C@H]1C[C@]12C,marts_registered
MARTS_EXT_RXN_5c2828b66ca0,CC(C)=CCCC(C)=CCCC(C)=CCCC(C)=CCCC(C)=CCOP(=O)([O-])OP(=O)([O-])[O-]>>C=C1CCC=C(C)CCC=C(C)C=CC2C(C(C)C)CCC2(C)CC1,CC(C)=CCC/C(C)=C/CC/C(C)=C/CC/C(C)=C/CC/C(C)=C/COP(=O)([O-])OP(=O)([O-])[O-]>>C=C1CC/C=C(\C)CC/C=C(C)/C=C/[C@H]2[C@@H](C(C)C)CC[C@]2(C)CC1,marts_registered
MARTS_EXT_RXN_5d4a8a447c7e,CC(C)=CCCC(C)=CCCC(C)=CCOP(=O)([O-])OP(=O)([O-])[O-]>>C=C1C2CCC3(C)C(C2)C(C)CCC13C,CC(C)=CCC/C(C)=C/CC/C(C)=C/COP(=O)([O-])OP(=O)([O-])[O-]>>C=C1[C@@H]2CC[C@@]3(C)[C@@H](C2)[C@@H](C)CC[C@@]13C,marts_registered
MARTS_EXT_RXN_5d8d9a77365d,CC(C)=CCCC(C)=CCCC(C)=CCCC(C)=CCOP(=O)([O-])OP(=O)([O-])[O-]>>CC(=CCO)CCC1C(C)=CCC2C(C)(C)CCCC12C,CC(C)=CCC/C(C)=C/CC/C(C)=C/CC/C(C)=C/COP(=O)([O-])OP(=O)([O-])[O-]>>CC1=CC[C@H]2C(C)(C)CCC[C@]2(C)[C@H]1CC/C(C)=C/CO,marts_registered
MARTS_EXT_RXN_5e756bc9af81,CC(=CCOP(=O)([O-])OP(=O)([O-])[O-])CCC1(C)C(C)CCC2(C)C(C)=CCCC21>>C=CC(C)(O)CCC1(C)C(C)CCC2(C)C(C)=CCCC21,CC1=CCC[C@H]2[C@](C)(CC/C(C)=C/COP(=O)([O-])OP(=O)([O-])[O-])[C@H](C)CC[C@@]12C>>C=CC(C)(O)CC[C@]1(C)[C@H](C)CC[C@@]2(C)C(C)=CCC[C@@H]12,marts_registered
MARTS_EXT_RXN_5ebefc2c5944,CC(C)=CCCC(C)=CCCC(C)=CCOP(=O)([O-])OP(=O)([O-])[O-]>>CC1=CC2C(=CC1)C(C)CCC2C(C)C,CC(C)=CCC/C(C)=C/CC/C(C)=C/COP(=O)([O-])OP(=O)([O-])[O-]>>CC1=C[C@@H]2C(=CC1)[C@@H](C)CC[C@H]2C(C)C,marts_registered
MARTS_EXT_RXN_5f7500503126,CC(C)=CCCC(C)=CCCC(C)=CCOP(=O)([O-])OP(=O)([O-])[O-]>>C=C(C)C1CCC2(C)C3CCC(C)C3C12,CC(C)=CCC/C(C)=C/CC/C(C)=C/COP(=O)([O-])OP(=O)([O-])[O-]>>C=C(C)[C@H]1CC[C@]2(C)[C@H]1[C@@H]1[C@H]2CC[C@@H]1C,marts_registered
MARTS_EXT_RXN_6029eb5c9a03,C=C1CCC2C(C)(C)CCCC2(C)C1CCC(C)=CCOP(=O)([O-])OP(=O)([O-])[O-]>>C=CC1(C)CCC2(C)C(CCC3(C)C(=C)CCCC32)C1,C=C1CC[C@@H]2C(C)(C)CCC[C@@]2(C)[C@@H]1CC/C(C)=C/COP(=O)([O-])OP(=O)([O-])[O-]>>C=C[C@@]1(C)CC[C@]2(C)[C@H](CC[C@]3(C)C(=C)CCC[C@@H]23)C1,marts_registered
MARTS_EXT_RXN_605fa04e8467,CC(C)=CCCC(C)=CCCC(C)=CCCC(C)=CCOP(=O)([O-])OP(=O)([O-])[O-]>>CC1=CCC2=C(C)CCC(CC=C(C)CCC1)C2(C)C,CC(C)=CCC/C(C)=C/CC/C(C)=C/CC/C(C)=C/COP(=O)([O-])OP(=O)([O-])[O-]>>CC1=C2C/C=C(/C)CCC/C(C)=C/CC(CC1)C2(C)C,marts_registered
MARTS_EXT_RXN_6290a24f780c,CC(C)=CCCC(C)=CCCC(C)=CCOP(=O)([O-])OP(=O)([O-])[O-]>>CC1=CC23CCCC(C)C2(C)CC1CC3,CC(C)=CCC/C(C)=C/CC/C(C)=C/COP(=O)([O-])OP(=O)([O-])[O-]>>CC1=C[C@@]23CCC[C@@H](C)[C@]2(C)C[C@@H]1CC3,marts_registered
MARTS_EXT_RXN_6314ab7563ea,CC(C)=CCCC(C)=CCOP(=O)([O-])OP(=O)([O-])[O-]>>CC1(C)C2CCC1(C)C(OP(=O)(O)OP(=O)(O)O)C2,CC(C)=CCC/C(C)=C/COP(=O)([O-])OP(=O)([O-])[O-]>>CC1(C)[C@@H]2CC[C@@]1(C)[C@@H](OP(=O)(O)OP(=O)(O)O)C2,marts_registered
MARTS_EXT_RXN_6385ac1fa7a9,CC(C)=CCCC(C)=CCCC(C)=CCCC(C)=CCOP(=O)([O-])OP(=O)([O-])[O-]>>CC1=CCC(C(C)C)C12CCC1(C)C3CCC(C)C3C12,CC(C)=CCC/C(C)=C/CC/C(C)=C/CC/C(C)=C/COP(=O)([O-])OP(=O)([O-])[O-]>>CC1=CCC(C(C)C)[C@@]12CCC1(C)C3CCC(C)C3C12,marts_registered
MARTS_EXT_RXN_63e6da659221,CC(C)=CCCC(C)=CCCC(C)=CCOP(=O)([O-])OP(=O)([O-])[O-]>>CC12CCCC(O)(C1)C1CC(C)(C)C1CC2,CC(C)=CCC/C(C)=C/CC/C(C)=C/COP(=O)([O-])OP(=O)([O-])[O-]>>CC1(C)C[C@@H]2[C@@H]1CC[C@@]1(C)CCC[C@]2(O)C1,marts_registered
MARTS_EXT_RXN_66951c0e7ed9,CC(C)=CCCC(C)=CCCC(C)=CCCC(C)=CCOP(=O)([O-])OP(=O)([O-])[O-]>>C=C(C)C1CCC2(C)CCC(C)=CCCC(C)=CCC12,CC(C)=CCC/C(C)=C/CC/C(C)=C/CC/C(C)=C/COP(=O)([O-])OP(=O)([O-])[O-]>>C=C(C)[C@@H]1CC[C@]2(C)CC/C(C)=C/CC/C(C)=C/C[C@@H]12,marts_registered
MARTS_EXT_RXN_66c7e35bfd6a,CC(C)=CCCC(C)=CCCC(C)=CCCC(C)=CCCC(C)=CCOP(=O)([O-])OP(=O)([O-])[O-]>>CC(C)=CCCC(C)=CCCC1(C)C2C=C(C)CCC=C(C)CCC21,CC(C)=CCC/C(C)=C/CC/C(C)=C/CC/C(C)=C/CC/C(C)=C/COP(=O)([O-])OP(=O)([O-])[O-]>>CC(C)=CCC/C(C)=C/CC[C@@]1(C)[C@@H]2/C=C(\C)CC/C=C(\C)CC[C@@H]21,marts_registered
MARTS_EXT_RXN_66d9eb264140,CC(C)=CCCC(C)=CCCC(C)=CCCC(C)=CCCC(C)=CCOP(=O)([O-])OP(=O)([O-])[O-]>>CC1=CCCC(C)C12CCC(C)C1CC3(C)CCC(C(C)C)C3C=C12,CC(C)=CCC/C(C)=C/CC/C(C)=C/CC/C(C)=C/CC/C(C)=C/COP(=O)([O-])OP(=O)([O-])[O-]>>CC1=CCC[C@H](C)[C@@]12CC[C@H](C)[C@H]1C[C@@]3(C)CC[C@H](C(C)C)[C@@H]3C=C12,marts_registered
MARTS_EXT_RXN_6705f601fdae,C=C(C)C12CCCC1C(C)(CCC(C)=CCOP(=O)([O-])OP(=O)([O-])[O-])C(C)CC2>>C=CC1(C)CC(C)C23CCCC2C(C)(C(C)CC3)C(O)C1,C=C(C)[C@]12CCCC1[C@](C)(CC/C(C)=C/COP(=O)([O-])OP(=O)([O-])[O-])[C@H](C)CC2>>C=C[C@]1(C)C[C@@H](O)[C@]2(C)C(C)CC[C@]3(CCC[C@H]32)[C@@H](C)C1,marts_registered
MARTS_EXT_RXN_68261f5fd64c,CC(C)=CCCC(C)=CCCC(C)=CCCC(C)=CCOP(=O)([O-])OP(=O)([O-])[O-]>>CC1=CCC2=C(C(C)C)CCC2(C)CC2C(C)CCC12,CC(C)=CCC/C(C)=C/CC/C(C)=C/CC/C(C)=C/COP(=O)([O-])OP(=O)([O-])[O-]>>C/C1=C/CC2=C(C(C)C)CC[C@]2(C)C[C@H]2[C@@H](C)CC[C@@H]12,marts_registered
MARTS_EXT_RXN_68d7c7a6b97f,CC(C)=CCCC(C)=CCCC(C)=CCOP(=O)([O-])OP(=O)([O-])[O-]>>CC(C)=CCCC(C)=CCCC(C)=CCCC=C(C)CCC=C(C)CCC=C(C)C,CC(C)=CCC/C(C)=C/CC/C(C)=C/COP(=O)([O-])OP(=O)([O-])[O-]>>CC(C)=CCC/C(C)=C/CC/C(C)=C/CC/C=C(\C)CC/C=C(\C)CCC=C(C)C,marts_registered
MARTS_EXT_RXN_697ad0951949,CC(C)=CCCC(C)=CCCC(C)=CCOP(=O)([O-])OP(=O)([O-])[O-]>>C=C1CCC2C3C1C2(C)CCCC3(C)C,CC(C)=CCC/C(C)=C/CC/C(C)=C/COP(=O)([O-])OP(=O)([O-])[O-]>>C=C1CCC2C3C1C2(C)CCCC3(C)C,marts_registered
MARTS_EXT_RXN_6b2dcf26c892,CC(C)=CCCC(C)=CCCC(C)=CCCC(C)=CCOP(=O)([O-])OP(=O)([O-])[O-]>>CC(C)=CCCC1(C)C2C=C(C)CCC=C(C)CCC21,CC(C)=CCC/C(C)=C/CC/C(C)=C/CC/C(C)=C/COP(=O)([O-])OP(=O)([O-])[O-]>>CC(C)=CCC[C@@]1(C)[C@@H]2/C=C(\C)CC/C=C(\C)CC[C@@H]21,marts_registered
MARTS_EXT_RXN_6bd0977b42d0,CC(C)=CCCC(C)=CCCC(C)=CCOP(=O)([O-])OP(=O)([O-])[O-]>>CC(C)=CCCC(C)c1ccc(C)cc1,CC(C)=CCC/C(C)=C/CC/C(C)=C/COP(=O)([O-])OP(=O)([O-])[O-]>>CC(C)=CCCC(C)c1ccc(C)cc1,marts_registered
MARTS_EXT_RXN_6c1cbb35db92,CC(C)=CCCC(C)=CCCC(C)=CCCC(C)=CCOP(=O)([O-])OP(=O)([O-])[O-]>>CC(C)=CCCC(C)C1CCC(C)=C2CCC(C)=CC21,CC(C)=CCC/C(C)=C/CC/C(C)=C/CC/C(C)=C/COP(=O)([O-])OP(=O)([O-])[O-]>>CC(C)=CCCC(C)C1CCC(C)=C2CCC(C)=CC21,marts_registered
MARTS_EXT_RXN_6c228262ac8f,CC(C)=CCCC(C)=CCCC(C)=CCCC=C(C)CCC=C(C)CCC1OC1(C)C>>C=C1CCC2(C)CCC3(C)C(CCC4C5(C)CCC(O)C(C)(C)C5CCC43C)C2C1C,CC(C)=CCC/C(C)=C/CC/C(C)=C/CC/C=C(\C)CC/C=C(\C)CC[C@@H]1OC1(C)C>>C=C1CC[C@]2(C)CC[C@]3(C)[C@H](CC[C@@H]4[C@@]5(C)CC[C@H](O)C(C)(C)[C@@H]5CC[C@]43C)[C@H]2[C@@H]1C,marts_registered
MARTS_EXT_RXN_6c7d3c1df7ff,CC(C)=CCCC(C)=CCCC(C)=CCOP(=O)([O-])OP(=O)([O-])[O-]>>CC1CCC2(C)CC3CC(C)(C)C=C3C12,CC(C)=CCC/C(C)=C/CC/C(C)=C/COP(=O)([O-])OP(=O)([O-])[O-]>>C[C@@H]1CC[C@@]2(C)C[C@@H]3CC(C)(C)C=C3[C@@H]12,marts_registered
MARTS_EXT_RXN_6d6aa67d85ad,CC(C)=CCCC(C)=CCCC(C)=CCCC(C)=CCOP(=O)([O-])OP(=O)([O-])[O-]>>CC(C)=CCCC(C)=CCCC(C)=CCCC(C)=CC1C(COP(=O)(O)OP(=O)(O)O)C1(C)CCC=C(C)CCC=C(C)CCC=C(C)C,CC(C)=CCC/C(C)=C/CC/C(C)=C/CC/C(C)=C/COP(=O)([O-])OP(=O)([O-])[O-]>>CC(C)=CCC/C(C)=C/CC/C(C)=C/CC/C(C)=C/C1C(COP(=O)(O)OP(=O)(O)O)C1(C)CC/C=C(\C)CC/C=C(\C)CCC=C(C)C,marts_registered
MARTS_EXT_RXN_714817f4ca78,CC(C)=CCCC(C)=CCCC(C)=CCCC(C)=CCOP(=O)([O-])OP(=O)([O-])[O-]>>CC1=CC2C3(C)CCC(C(C)C)C23CCC(C)=CCC1,CC(C)=CCC/C(C)=C/CC/C(C)=C/CC/C(C)=C/COP(=O)([O-])OP(=O)([O-])[O-]>>C/C1=C\C2C3(C)CCC(C(C)C)C23CC/C(C)=C/CC1,marts_registered
MARTS_EXT_RXN_7160470e8992,CC(C)=CCCC(C)=CCCC(C)=CCCC(C)=CCCC(C)=CCOP(=O)([O-])OP(=O)([O-])[O-]>>C=C1C=CC2C(C(C)C)CCC2(C)CC=C(C)CCC=C(C)CCC1,CC(C)=CCC/C(C)=C/CC/C(C)=C/CC/C(C)=C/CC/C(C)=C/COP(=O)([O-])OP(=O)([O-])[O-]>>C=C1/C=C/[C@H]2[C@@H](C(C)C)CC[C@]2(C)C/C=C(\C)CC/C=C(\C)CCC1,marts_registered
MARTS_EXT_RXN_71aa03bcb508,CC(C)=CCCC(C)=CCCC(C)=CCCC(C)=CCCC(C)=CCOP(=O)([O-])OP(=O)([O-])[O-]>>CC1=CC2C3C(C(C)C)CCC3(C)CCC2(C)CCC2C1=CCC2C,CC(C)=CCC/C(C)=C/CC/C(C)=C/CC/C(C)=C/CC/C(C)=C/COP(=O)([O-])OP(=O)([O-])[O-]>>C/C1=C/[C@@H]2[C@H]3[C@@H](C(C)C)CC[C@]3(C)CC[C@@]2(C)CC[C@H]2C1=CC[C@H]2C,marts_registered
MARTS_EXT_RXN_71bb2acc38af,CC(C)=CCCC(C)=CCCC(C)=CCCC(C)=CCOP(=O)([O-])OP(=O)([O-])[O-]>>CC1=CC2C3(CC1)C(C)CCC1(C)C(C(C)C)CCC213,CC(C)=CCC/C(C)=C/CC/C(C)=C/CC/C(C)=C/COP(=O)([O-])OP(=O)([O-])[O-]>>CC1=C[C@H]2[C@]3(CC1)[C@H](C)CC[C@@]1(C)[C@H](C(C)C)CC[C@@]231,marts_registered
MARTS_EXT_RXN_7345bb901e40,CC(C)=CCCC(C)=CCCC(C)=CCOP(=O)([O-])OP(=O)([O-])[O-]>>CC1=CC2C(=C(C)CCCC2(C)C)CC1,CC(C)=CCC/C(C)=C/CC/C(C)=C/COP(=O)([O-])OP(=O)([O-])[O-]>>CC1=CC2C(=C(C)CCCC2(C)C)CC1,marts_registered
MARTS_EXT_RXN_747e48195053,CC(C)=CCCC(C)=CCCC(C)=CCOP(=O)([O-])OP(=O)([O-])[O-]>>CC1=CC2=C(C(C)C)CCC(C)C2CC1,CC(C)=CCC/C(C)=C/CC/C(C)=C/COP(=O)([O-])OP(=O)([O-])[O-]>>CC1=CC2=C(C(C)C)CC[C@@H](C)[C@@H]2CC1,marts_registered
MARTS_EXT_RXN_76499a11d465,CC(C)=CCCC(C)=CCCC(C)=CCCC(C)=CCOP(=O)([O-])OP(=O)([O-])[O-]>>CC(=CCOP(=O)([O-])OP(=O)([O-])[O-])CCC1(C)C(C)CC=C2C1CCCC2(C)C,CC(C)=CCC/C(C)=C/CC/C(C)=C/CC/C(C)=C/COP(=O)([O-])OP(=O)([O-])[O-]>>C/C(=C\COP(=O)([O-])OP(=O)([O-])[O-])CC[C@@]1(C)[C@@H]2CCCC(C)(C)C2=CC[C@@H]1C,marts_registered
MARTS_EXT_RXN_76627c4c8e95,CC(C)=CCCC(C)=CCCC(C)=CCCC(C)=CCCC(C)=CCOP(=O)([O-])OP(=O)([O-])[O-]>>CC(C)C1CCC2(C)CCC3(C)CC4C(CC5(C)C=CCC45C)C3C12,CC(C)=CCC/C(C)=C/CC/C(C)=C/CC/C(C)=C/CC/C(C)=C/COP(=O)([O-])OP(=O)([O-])[O-]>>CC(C)[C@H]1CC[C@@]2(C)CC[C@]3(C)C[C@H]4[C@H](C[C@]5(C)C=CC[C@]45C)[C@H]3[C@H]12,marts_registered
MARTS_EXT_RXN_769df5ece0f3,CC(C)=CCCC(C)=CCCC(C)=CCCC(C)=CCOP(=O)([O-])OP(=O)([O-])[O-]>>C=C(C)C1CCC2(C)CC=C(C)CCC=C(C)CCC12,CC(C)=CCC/C(C)=C/CC/C(C)=C/CC/C(C)=C/COP(=O)([O-])OP(=O)([O-])[O-]>>C=C(C)[C@H]1CC[C@]2(C)C/C=C(\C)CC/C=C(\C)CC[C@@H]12,marts_registered
MARTS_EXT_RXN_771248cd18de,CC(C)=CCCC(C)=CCCC(C)=CCOP(=O)([O-])OP(=O)([O-])[O-]>>CC1=CCCC(C)C12CCC1C2C1(C)C,CC(C)=CCC/C(C)=C/CC/C(C)=C/COP(=O)([O-])OP(=O)([O-])[O-]>>CC1=CCC[C@@H](C)[C@]12CC[C@@H]1[C@H]2C1(C)C,marts_registered
MARTS_EXT_RXN_781f3e745c61,CC(C)=CCCC(C)=CCCC(C)=CCOP(=O)([O-])OP(=O)([O-])[O-]>>CC1=CCC2(C)CC3CC(C)(C)CC3C12,CC(C)=CCC/C(C)=C/CC/C(C)=C/COP(=O)([O-])OP(=O)([O-])[O-]>>CC1=CCC2(C)CC3CC(C)(C)CC3C12,marts_registered
MARTS_EXT_RXN_78399ec4fc85,C=C1CCC2C(C)(C)CCCC2(C)C1CCC(C)=CCOP(=O)([O-])OP(=O)([O-])[O-]>>CC1CC2=CCC3C(C)(C)CCCC3(C)C2CCC1(C)O,C=C1CC[C@H]2C(C)(C)CCC[C@]2(C)[C@@H]1CC/C(C)=C/COP(=O)([O-])OP(=O)([O-])[O-]>>C[C@@H]1CC2=CC[C@H]3C(C)(C)CCC[C@]3(C)[C@@H]2CC[C@@]1(C)O,marts_registered
MARTS_EXT_RXN_7844025b0372,CC(C)=CCCC(C)=CCCC(C)=CCOP(=O)([O-])OP(=O)([O-])[O-]>>CC1=CC2(C(C)C)CCC(C)C(CC1)C2O,CC(C)=CCC/C(C)=C/CC/C(C)=C/COP(=O)([O-])OP(=O)([O-])[O-]>>CC1=C[C@]2(C(C)C)CC[C@@H](C)[C@H](CC1)[C@H]2O,marts_registered
MARTS_EXT_RXN_78f709de4b7c,CC(C)=CCCC(C)=CCCC(C)=CC1C(COP(=O)([O-])OP(=O)([O-])[O-])C1(C)CCC=C(C)CCC=C(C)C>>CC(C)=CCCC(C)=CCCC(C)=CCOCC=C(C)CCC=C(C)CCC=C(C)C,CC(C)=CCC/C(C)=C/CC/C(C)=C/[C@H]1[C@H](COP(=O)([O-])OP(=O)([O-])[O-])[C@@]1(C)CC/C=C(\C)CCC=C(C)C>>CC(C)=CCC/C(C)=C/CC/C(C)=C/COC/C=C(\C)CC/C=C(\C)CCC=C(C)C,marts_registered
MARTS_EXT_RXN_79368a2476ac,C=C1CCC2C(C)(C)CCCC2(C)C1CCC(C)=CCOP(=O)([O-])OP(=O)([O-])[O-]>>CC(C)C1(O)C=C2CCC3C(C)(C)CCCC3(C)C2CC1,C=C1CC[C@@H]2C(C)(C)CCC[C@@]2(C)[C@@H]1CC/C(C)=C/COP(=O)([O-])OP(=O)([O-])[O-]>>CC(C)C1(O)C=C2CC[C@@H]3C(C)(C)CCC[C@@]3(C)C2CC1,marts_registered
MARTS_EXT_RXN_7b0cfb7bb82c,C=C1CCC2C(C)(C)CCCC2(C)C1CCC(C)=CCOP(=O)([O-])OP(=O)([O-])[O-]>>CC(C)C1=CCC2=C(CCC3C(C)(C)CCCC23C)C1,C=C1CC[C@H]2C(C)(C)CCC[C@]2(C)[C@H]1CC/C(C)=C/COP(=O)([O-])OP(=O)([O-])[O-]>>CC(C)C1=CCC2=C(CC[C@H]3C(C)(C)CCC[C@]23C)C1,marts_registered
MARTS_EXT_RXN_7c05abd7a600,CC(C)=CCCC(C)=CCCC(C)=CCOP(=O)([O-])OP(=O)([O-])[O-]>>CC1=CCCC2(C)C3CCC12CC3(C)C,CC(C)=CCC/C(C)=C/CC/C(C)=C/COP(=O)([O-])OP(=O)([O-])[O-]>>CC1=CCC[C@@]2(C)C3CC[C@@]12CC3(C)C,marts_registered
MARTS_EXT_RXN_7c41968d1cff,C=C1CCC2C(C)(C)CCCC2(C)C1CCC(C)=CCOP(=O)([O-])OP(=O)([O-])[O-]>>C=CC1(C)CCC2(O)C(CCC3C(C)(C)CCCC32C)C1,C=C1CC[C@H]2C(C)(C)CCC[C@]2(C)[C@@H]1CC/C(C)=C/COP(=O)([O-])OP(=O)([O-])[O-]>>C=C[C@@]1(C)CC[C@]2(O)C(CC[C@H]3C(C)(C)CCC[C@@]32C)C1,marts_registered
MARTS_EXT_RXN_832dbc506db6,CC(C)=CCCC(C)=CCCC(C)=CCCC=C(C)CCC=C(C)CCC1OC1(C)C>>CC(C)=CCCC(C)(O)C1CCC2(C)C1CCC1C3(C)CCC(O)C(C)(C)C3CCC12C,CC(C)=CCC/C(C)=C/CC/C(C)=C/CC/C=C(\C)CC/C=C(\C)CC[C@@H]1OC1(C)C>>CC(C)=CCC[C@](C)(O)[C@H]1CC[C@]2(C)[C@@H]1CC[C@@H]1[C@@]3(C)CC[C@H](O)C(C)(C)[C@@H]3CC[C@]12C,marts_registered
MARTS_EXT_RXN_848e51b53c9f,CC(C)=CCCC(C)=CCCC(C)=CCOP(=O)([O-])OP(=O)([O-])[O-]>>C=C(C)C1CCC(C)C2=C1CC(C)(C)C2,CC(C)=CCC/C(C)=C/CC/C(C)=C/COP(=O)([O-])OP(=O)([O-])[O-]>>C=C(C)[C@H]1CC[C@@H](C)C2=C1CC(C)(C)C2,marts_registered
MARTS_EXT_RXN_8551b0818261,CC(C)=CCCC(C)=CCCC(C)=CCCC(C)=CCCC(C)=CCOP(=O)([O-])OP(=O)([O-])[O-]>>CC(C)C1CC=C2CC34C(C)CCC5C(C)CCC5(C3C)C4CC21C,CC(C)=CCC/C(C)=C/CC/C(C)=C/CC/C(C)=C/CC/C(C)=C/COP(=O)([O-])OP(=O)([O-])[O-]>>CC(C)[C@H]1CC=C2CC34C(C)C5(CC[C@H](C)[C@@H]5CC[C@@H]3C)[C@@H]4C[C@@]21C,marts_registered
MARTS_EXT_RXN_86983edabe8c,CC(C)=CCCC(C)=CCCC(C)=CCCC(C)=CCCC(C)=CCOP(=O)([O-])OP(=O)([O-])[O-]>>CC1=CCC2(C)CCC(C(C)C)C2CC=C(C)C2=C(CC1)C(C)CC2,CC(C)=CCC/C(C)=C/CC/C(C)=C/CC/C(C)=C/CC/C(C)=C/COP(=O)([O-])OP(=O)([O-])[O-]>>C/C1=C\C[C@@]2(C)CC[C@H](C(C)C)[C@@H]2C/C=C(\C)C2=C(CC1)[C@H](C)CC2,marts_registered
MARTS_EXT_RXN_86a30d47d9f4,CC(C)=CCCC(C)=CCCC(C)=CCCC(C)=CCOP(=O)([O-])OP(=O)([O-])[O-]>>CC1=CCC2C3C(C(C)C)CCC(C)C34CCC2(C)C14,CC(C)=CCC/C(C)=C/CC/C(C)=C/CC/C(C)=C/COP(=O)([O-])OP(=O)([O-])[O-]>>CC1=CCC2C3C(C(C)C)CCC(C)C34CCC2(C)C14,marts_registered
MARTS_EXT_RXN_86ad65662f49,CC(C)=CCCC(C)=CCCC(C)=CCCC(C)=CCOP(=O)([O-])OP(=O)([O-])[O-]>>CC1=CC=C(C(C)C)CCC(C)=CCCC(C)=CCC1,CC(C)=CCC/C(C)=C/CC/C(C)=C/CC/C(C)=C/COP(=O)([O-])OP(=O)([O-])[O-]>>C/C1=C/C=C(/C(C)C)CC/C(C)=C/CC/C(C)=C/CC1,marts_registered
MARTS_EXT_RXN_86ce128d7d61,CC(C)=CCCC(C)=CCCC(C)=CCCC(C)=CCOP(=O)([O-])OP(=O)([O-])[O-]>>C=C1CCCC(C)=CCC2CCC(C)=C(CC1)C2(C)C,CC(C)=CCC/C(C)=C/CC/C(C)=C/CC/C(C)=C/COP(=O)([O-])OP(=O)([O-])[O-]>>C=C1CCC/C(C)=C/C[C@@H]2CCC(C)=C(CC1)C2(C)C,marts_registered
MARTS_EXT_RXN_87203dec8e34,CC(C)=CCCC(C)=CCCC(C)=CC1C(COP(=O)([O-])OP(=O)([O-])[O-])C1(C)CCC=C(C)CCC=C(C)C>>CC(C)=CCCC(C)=CCCC(C)=CC1C(CO)C1(C)CCC=C(C)CCC=C(C)C,CC(C)=CCC/C(C)=C/CC/C(C)=C/[C@H]1[C@H](COP(=O)([O-])OP(=O)([O-])[O-])[C@@]1(C)CC/C=C(\C)CCC=C(C)C>>CC(C)=CCC/C(C)=C/CC/C(C)=C/[C@H]1[C@H](CO)[C@@]1(C)CC/C=C(\C)CCC=C(C)C,marts_registered
MARTS_EXT_RXN_877408d79e1b,CC(C)=CCCC(C)=CCCC(C)=CCOP(=O)([O-])OP(=O)([O-])[O-]>>C=C(C)C1CCC2(C)CCCC(C)(O)C2C1,CC(C)=CCC/C(C)=C/CC/C(C)=C/COP(=O)([O-])OP(=O)([O-])[O-]>>C=C(C)[C@@H]1CC[C@]2(C)CCC[C@](C)(O)[C@H]2C1,marts_registered
MARTS_EXT_RXN_890006655690,CC(C)=CC1C(COP(=O)([O-])OP(=O)([O-])[O-])C1(C)C>>CC(C)=CC1C(CO)C1(C)C,CC(C)=C[C@@H]1[C@@H](COP(=O)([O-])OP(=O)([O-])[O-])C1(C)C>>CC(C)=C[C@@H]1[C@@H](CO)C1(C)C,marts_registered
MARTS_EXT_RXN_8b03f1de5fce,CC(C)=CCCC(C)=CCCC(C)=CCCC(C)=CCCC(C)=CCOP(=O)([O-])OP(=O)([O-])[O-]>>C=C1CCC2C3CCC4(CC5C(C(C)C)CCC5(C)CC1C24C)C3C,CC(C)=CCC/C(C)=C/CC/C(C)=C/CC/C(C)=C/CC/C(C)=C/COP(=O)([O-])OP(=O)([O-])[O-]>>C=C1CC[C@@H]2[C@H]3CC[C@]4(C[C@H]5[C@H](C(C)C)CC[C@]5(C)C[C@H]1[C@]24C)C3C,marts_registered
MARTS_EXT_RXN_8c6cae136e8b,CC(C)=CCCC(C)=CCCC(C)=CCCC(C)=CCCC(C)=CCOP(=O)([O-])OP(=O)([O-])[O-]>>C=C1CCC=C(C)CCC2C1CC2(C)CCC=C(C)CCC=C(C)C,CC(C)=CCC/C(C)=C/CC/C(C)=C/CC/C(C)=C/CC/C(C)=C/COP(=O)([O-])OP(=O)([O-])[O-]>>C=C1CC/C=C(\C)CC[C@@H]2[C@@H]1C[C@@]2(C)CC/C=C(\C)CCC=C(C)C,marts_registered
MARTS_EXT_RXN_8d049834636c,CC(C)=CCCC(C)=CCCC(C)=CCOP(=O)([O-])OP(=O)([O-])[O-]>>CC(C)=CCCC(C)=CCCC(C)=CC1C(CO)C1(C)CCC=C(C)CCC=C(C)C,CC(C)=CCC/C(C)=C/CC/C(C)=C/COP(=O)([O-])OP(=O)([O-])[O-]>>CC(C)=CCC/C(C)=C/CC/C(C)=C/[C@H]1[C@H](CO)[C@@]1(C)CC/C=C(\C)CCC=C(C)C,marts_registered
MARTS_EXT_RXN_8d2492a66172,CC(C)=CCCC(C)=CCOP(=O)([O-])OP(=O)([O-])[O-]>>C=C1C2CCC(C2)C1(C)C,CC(C)=CCC/C(C)=C/COP(=O)([O-])OP(=O)([O-])[O-]>>C=C1[C@@H]2CC[C@@H](C2)C1(C)C,marts_registered
MARTS_EXT_RXN_8d7f7dd54117,CC(C)=CCCC(C)=CCCC(C)=CCCC(C)=CCOP(=O)([O-])OP(=O)([O-])[O-]>>C=C1CCCC2(C)CCC3(C)CCC(C(C)(C)O)C3CC12,CC(C)=CCC/C(C)=C/CC/C(C)=C/CC/C(C)=C/COP(=O)([O-])OP(=O)([O-])[O-]>>C=C1CCC[C@]2(C)CC[C@@]3(C)CC[C@@H](C(C)(C)O)[C@@H]3C[C@@H]12,marts_registered
MARTS_EXT_RXN_8e685e0c0b69,CC(C)=CCCC(C)=CCCC(C)=CCCC=C(C)CCC=C(C)CCC1OC1(C)C>>CC(C)=CCCC(C)=CCCC(C)(O)C1CCC2C1(C)CCC1C(C)(C)C(O)CCC12C,CC(C)=CCC/C(C)=C/CC/C(C)=C/CC/C=C(\C)CC/C=C(\C)CC[C@@H]1OC1(C)C>>CC(C)=CCC/C(C)=C/CC[C@@](C)(O)[C@@H]1CC[C@H]2[C@@]1(C)CC[C@H]1C(C)(C)[C@@H](O)CC[C@]21C,marts_registered
MARTS_EXT_RXN_908734b433c3,CC(C)=CCCC(C)=CCCC(C)=CCOP(=O)([O-])OP(=O)([O-])[O-]>>CC1=C2CC3CCC(C)C2(CC1)C3(C)C,CC(C)=CCC/C(C)=C/CC/C(C)=C/COP(=O)([O-])OP(=O)([O-])[O-]>>CC1=C2C[C@H]3CC[C@@H](C)[C@]2(CC1)C3(C)C,marts_registered
MARTS_EXT_RXN_90bccccecf9c,CC(C)=CCCC(C)=CCCC(C)=CCCC(C)=CCCC(C)=CCOP(=O)([O-])OP(=O)([O-])[O-]>>CC(C)C1CCC2(C)CC(C)C3(O)CCC4C5CCC4(C)C(CC12)C53C,CC(C)=CCC/C(C)=C/CC/C(C)=C/CC/C(C)=C/CC/C(C)=C/COP(=O)([O-])OP(=O)([O-])[O-]>>CC(C)[C@@H]1CC[C@]2(C)C[C@H](C)[C@@]3(O)CC[C@@H]4[C@H]5CC[C@]4(C)[C@H](C[C@@H]12)[C@]53C,marts_registered
MARTS_EXT_RXN_9239c973f487,CC(C)=CCCC(C)=CCCC(C)=CCCC(C)=CCOP(=O)([O-])OP(=O)([O-])[O-]>>CC(C)=CCCC(C)=C1C=C2C(C)CCCC2(C)CC1,CC(C)=CCC/C(C)=C/CC/C(C)=C/CC/C(C)=C/COP(=O)([O-])OP(=O)([O-])[O-]>>CC(C)=CCC/C(C)=C1/C=C2[C@@H](C)CCC[C@]2(C)CC1,marts_registered
MARTS_EXT_RXN_92f6ef4d14a5,CC(C)=CCCC(C)=CCCC(C)=CCCC(C)=CCCC(C)=CCCC(C)C1=CCC(C)=CC1>>CC1=CCC(C(C)CCC2C(C)(O)CCC3C2(C)CCC2C4(C)CCCC(C)(C)C4CCC23C)=CC1,CC(C)=CCC/C(C)=C/CC/C(C)=C/CC/C(C)=C/CC/C(C)=C/CC[C@@H](C)C1=CCC(C)=CC1>>CC1=CCC([C@H](C)CC[C@@H]2[C@@]3(C)CC[C@H]4[C@@](C)(CC[C@H]5C(C)(C)CCC[C@]45C)[C@@H]3CC[C@@]2(C)O)=CC1,marts_registered
MARTS_EXT_RXN_932a9e24c662,CC(C)=CCCC(C)=CCCC(C)=CCCC(C)=CCOP(=O)([O-])OP(=O)([O-])[O-]>>CC(C)=CCCC(C)=C1CC=C(C)CCC=C(C)CC1,CC(C)=CCC/C(C)=C/CC/C(C)=C/CC/C(C)=C/COP(=O)([O-])OP(=O)([O-])[O-]>>CC(C)=CCC/C(C)=C1/C/C=C(\C)CC/C=C(\C)CC1,marts_registered
MARTS_EXT_RXN_95048e61f00d,CC(C)=CCCC(C)=CCCC(C)=CCCC(C)=CCCC(C)=CCOP(=O)([O-])OP(=O)([O-])[O-]>>CC1=C2CC3C(C(C)C)CCC3(C)CC2C2(C)CCC3C(C)CCC132,CC(C)=CCC/C(C)=C/CC/C(C)=C/CC/C(C)=C/CC/C(C)=C/COP(=O)([O-])OP(=O)([O-])[O-]>>CC1=C2C[C@H]3[C@@H](C(C)C)CC[C@]3(C)C[C@@H]2[C@]2(C)CC[C@H]3[C@H](C)CC[C@]132,marts_registered
MARTS_EXT_RXN_96ac57c79326,CC(C)=CCCC(C)=CCOP(=O)([O-])OP(=O)([O-])[O-]>>CC1=CCC(C(C)C)C=C1,CC(C)=CCC/C(C)=C/COP(=O)([O-])OP(=O)([O-])[O-]>>CC1=CCC(C(C)C)C=C1,marts_registered
MARTS_EXT_RXN_9799d98e2a75,CC(C)=CCCC(C)=CCCC(C)=CCCC(C)=CCOP(=O)([O-])OP(=O)([O-])[O-]>>CC1=CCC2CCC(C)=C(CCC(C)=CCC1)C2(C)C,CC(C)=CCC/C(C)=C/CC/C(C)=C/CC/C(C)=C/COP(=O)([O-])OP(=O)([O-])[O-]>>CC1=C2CC/C(C)=C/CC/C(C)=C/C[C@H](CC1)C2(C)C,marts_registered
MARTS_EXT_RXN_9864ce62f34c,CC(C)=CCCC(C)=CCCC(C)=CCCC(C)=CCOP(=O)([O-])OP(=O)([O-])[O-]>>C=C1CCC=C(C)CC=C2C(C(C)C)CCC2(C)CC1,CC(C)=CCC/C(C)=C/CC/C(C)=C/CC/C(C)=C/COP(=O)([O-])OP(=O)([O-])[O-]>>C=C1CC/C=C(\C)C/C=C2\[C@@H](C(C)C)CC[C@]2(C)CC1,marts_registered
MARTS_EXT_RXN_98758b30deaf,CC(C)=CCCC(C)=CCCC(C)=CCOP(=O)([O-])OP(=O)([O-])[O-]>>CC1CCCC23CC4C(CC12C)C4(C)C3,CC(C)=CCC/C(C)=C/CC/C(C)=C/COP(=O)([O-])OP(=O)([O-])[O-]>>C[C@@H]1CCC[C@]23CC4C(C[C@@]12C)[C@]4(C)C3,marts_registered
MARTS_EXT_RXN_9927ff5db9e4,CC(C)=CCCC(C)=CCCC(C)=CCCC(C)=CCCC(C)=CCOP(=O)([O-])OP(=O)([O-])[O-]>>C=C1CCC2CC3C4C5C(C(C)C)CCC5(C)CCC4(C)CC3C12C,CC(C)=CCC/C(C)=C/CC/C(C)=C/CC/C(C)=C/CC/C(C)=C/COP(=O)([O-])OP(=O)([O-])[O-]>>C=C1CCC2C[C@@H]3[C@H]4[C@@H]5[C@@H](C(C)C)CC[C@@]5(C)CC[C@]4(C)C[C@@H]3[C@@]12C,marts_registered
MARTS_EXT_RXN_9aca0b07537d,CC(C)=CCCC(C)=CCCC(C)=CCCC(C)=CCOP(=O)([O-])OP(=O)([O-])[O-]>>CC(C)=CCCC1(C)CCC(C)=CCCC(C)(O)C2CC21,CC(C)=CCC/C(C)=C/CC/C(C)=C/CC/C(C)=C/COP(=O)([O-])OP(=O)([O-])[O-]>>CC(C)=CCC[C@]1(C)CC/C(C)=C/CC[C@@](C)(O)[C@@H]2C[C@H]21,marts_registered
MARTS_EXT_RXN_9bfd169ae97d,CC(C)=CCCC(C)=CCCC(C)=CCCC(C)=CCOP(=O)([O-])OP(=O)([O-])[O-]>>CC(C)=CCCC(C)=CCCC(C)=CCCC(C)=CC=CC=C(C)CCC=C(C)CCC=C(C)CCC=C(C)C,CC(C)=CCC/C(C)=C/CC/C(C)=C/CC/C(C)=C/COP(=O)([O-])OP(=O)([O-])[O-]>>CC(C)=CCC/C(C)=C/CC/C(C)=C/CC/C(C)=C/C=C\C=C(/C)CC/C=C(\C)CC/C=C(\C)CCC=C(C)C,marts_registered
MARTS_EXT_RXN_9c359e8d58c7,CC(C)=CCCC(C)=CCCC(C)=CCCC(C)=CCCC(C)=CCOP(=O)([O-])OP(=O)([O-])[O-]>>C=C1CCC2C(C)=CCC3C(C(C)C)CCC3(C)CC=C(C)CCC12,CC(C)=CCC/C(C)=C/CC/C(C)=C/CC/C(C)=C/CC/C(C)=C/COP(=O)([O-])OP(=O)([O-])[O-]>>C=C1CCC2C(C)=CCC3[C@H](C(C)C)CC[C@]3(C)CC=C(C)CCC12,marts_registered
MARTS_EXT_RXN_9c7db311ef6f,CC(C)=CCCC(C)=CCCC(C)=CCCC(C)=CCOP(=O)([O-])OP(=O)([O-])[O-]>>CC1=CCCC2(C)CCC3(C)C(C)CCC4CC1C2C43,CC(C)=CCC/C(C)=C/CC/C(C)=C/CC/C(C)=C/COP(=O)([O-])OP(=O)([O-])[O-]>>CC1=CCC[C@@]2(C)CC[C@]3(C)[C@H]4[C@@H](CC[C@H]3C)C[C@H]1[C@H]42,marts_registered
MARTS_EXT_RXN_9d212bb94209,CC(C)=CCCC(C)=CCCC(C)=CCCC(C)=CCOP(=O)([O-])OP(=O)([O-])[O-]>>CC1=C2C=C3CCC(C(C)C)C3(C)CCC2(C)CCC1,CC(C)=CCC/C(C)=C/CC/C(C)=C/CC/C(C)=C/COP(=O)([O-])OP(=O)([O-])[O-]>>CC1=C2C=C3CC[C@H](C(C)C)[C@@]3(C)CC[C@]2(C)CCC1,marts_registered
MARTS_EXT_RXN_9e53a7397306,CC(C)=CCCC(C)=CCCC(C)=CCCC(C)=CCOP(=O)([O-])OP(=O)([O-])[O-]>>CC(=CCOP(=O)([O-])OP(=O)([O-])[O-])CCC1(O)C(C)CCC2C(C)(C)CCCC21C,CC(C)=CCC/C(C)=C/CC/C(C)=C/CC/C(C)=C/COP(=O)([O-])OP(=O)([O-])[O-]>>C/C(=C\COP(=O)([O-])OP(=O)([O-])[O-])CC[C@@]1(O)[C@H](C)CC[C@H]2C(C)(C)CCC[C@@]21C,marts_registered
MARTS_EXT_RXN_a034669a1e40,CC(C)=CCCC(C)=CCOP(=O)([O-])OP(=O)([O-])[O-]>>CC1=CC2C(CC1)C2(C)C,CC(C)=CCC/C(C)=C/COP(=O)([O-])OP(=O)([O-])[O-]>>CC1=C[C@H]2[C@@H](CC1)C2(C)C,marts_registered
MARTS_EXT_RXN_a1bdb236418d,CC(C)=CCCC(C)=CCCC(C)=CCCC(C)=CCCC(C)=CCOP(=O)([O-])OP(=O)([O-])[O-]>>CC(C)C1CCC2(C)CCC3(C)CCC4C5CCC4(C)C(=CC12)C53C,CC(C)=CCC/C(C)=C/CC/C(C)=C/CC/C(C)=C/CC/C(C)=C/COP(=O)([O-])OP(=O)([O-])[O-]>>CC(C)[C@@H]1CC[C@]2(C)CCC3(C)CC[C@@H]4[C@H]5CC[C@]4(C)C(=C[C@@H]12)[C@]53C,marts_registered
MARTS_EXT_RXN_a330ce4c4099,CC(C)=CCCC(C)=CCCC(C)=CCCC(C)=CCOP(=O)([O-])OP(=O)([O-])[O-]>>CC(C)=CCCC(C)C1CCC(C)C2CC=C(C)C=C21,CC(C)=CCC/C(C)=C\CC/C(C)=C\CC/C(C)=C\COP(=O)([O-])OP(=O)([O-])[O-]>>CC(C)=CCC[C@H](C)[C@@H]1CC[C@@H](C)[C@H]2CC=C(C)C=C12,marts_registered
MARTS_EXT_RXN_a3395ba9b8c6,CC(C)=CCCC(C)=CCCC(C)=CCCC(C)=CCOP(=O)([O-])OP(=O)([O-])[O-]>>CC(C)=CCCC(C)=CCCC(C)=CCCC(C)=CCCC=C(C)CCC=C(C)CCC=C(C)CCC=C(C)C,CC(C)=CCC/C(C)=C/CC/C(C)=C/CC/C(C)=C/COP(=O)([O-])OP(=O)([O-])[O-]>>CC(C)=CCC/C(C)=C/CC/C(C)=C/CC/C(C)=C/CC/C=C(\C)CC/C=C(\C)CC/C=C(\C)CCC=C(C)C,marts_registered
MARTS_EXT_RXN_a3e15b2ae79d,CC(C)=CCCC(C)=CCCC(C)=CCCC(C)=CCOP(=O)([O-])OP(=O)([O-])[O-]>>C=C1C=C2C(CC1)C(C)CCC2C(C)CCC=C(C)C,CC(C)=CCC/C(C)=C/CC/C(C)=C/CC/C(C)=C/COP(=O)([O-])OP(=O)([O-])[O-]>>C=C1C=C2[C@H](CC1)[C@@H](C)CC[C@@H]2[C@@H](C)CCC=C(C)C,marts_registered
MARTS_EXT_RXN_a40190329c75,CC(C)=CCCC(C)=CCCC(C)=CCCC(C)=CCCC(C)=CCOP(=O)([O-])OP(=O)([O-])[O-]>>C=C(CCC=C(C)CCC=C(C)C)C1CCC2(C)C3CCC(C)C3C12,CC(C)=CCC/C(C)=C/CC/C(C)=C/CC/C(C)=C/CC/C(C)=C/COP(=O)([O-])OP(=O)([O-])[O-]>>C=C(CC/C=C(\C)CCC=C(C)C)[C@H]1CCC2(C)[C@H]1[C@@H]1[C@H]2CC[C@@H]1C,marts_registered
MARTS_EXT_RXN_a5374cc39ade,CC(C)=CCCC(C)=CCCC(C)=CCCC(C)=CCOP(=O)([O-])OP(=O)([O-])[O-]>>CC(C)=C1CCC(C)C2CCC(C)C3CCC(C)=C3C12,CC(C)=CCC/C(C)=C/CC/C(C)=C/CC/C(C)=C/COP(=O)([O-])OP(=O)([O-])[O-]>>CC(C)=C1CCC(C)[C@H]2CCC(C)[C@@H]3CCC(C)=C3[C@@H]12,marts_registered
MARTS_EXT_RXN_a78f2392f8c2,CC(C)=CCCC(C)=CCCC(C)=CCCC(C)=CCOP(=O)([O-])OP(=O)([O-])[O-]>>C=C1CCC=C(C)CCC2C1CC2(C)CCC=C(C)C,CC(C)=CCC/C(C)=C/CC/C(C)=C/CC/C(C)=C/COP(=O)([O-])OP(=O)([O-])[O-]>>C=C1CCC=C(C)CC[C@H]2[C@H]1C[C@]2(C)CCC=C(C)C,marts_registered
MARTS_EXT_RXN_a835c7512bd8,CC(C)=CCCC(C)=CCCC(C)=CCOP(=O)([O-])OP(=O)([O-])[O-]>>CC1=C2CC(C)(C)C3CCC(C)C23CC1,CC(C)=CCC/C(C)=C/CC/C(C)=C/COP(=O)([O-])OP(=O)([O-])[O-]>>CC1=C2CC(C)(C)[C@@H]3CC[C@@H](C)[C@]23CC1,marts_registered
MARTS_EXT_RXN_a9c17147ad90,CC(C)=CCCC(C)=CCCC(C)=CCCC(C)=CCOP(=O)([O-])OP(=O)([O-])[O-]>>CC1=CCC2=C(C)C(C)(CCC(C)=CCC1)C(C)CC2,CC(C)=CCC/C(C)=C/CC/C(C)=C/CC/C(C)=C/COP(=O)([O-])OP(=O)([O-])[O-]>>CC1=C2C/C=C(\C)CC/C=C(\C)CC[C@@]1(C)[C@H](C)CC2,marts_registered
MARTS_EXT_RXN_aaa305f17a30,CC(C)=CCCC(C)=CCCC(C)=CCCC(C)=CCCC(C)=CCOP(=O)([O-])OP(=O)([O-])[O-]>>CC1=C2CC3(C)CCC(C(C)C)C3CC2C(C)=C2CCC(C)C2CC1,CC(C)=CCC/C(C)=C/CC/C(C)=C/CC/C(C)=C/CC/C(C)=C/COP(=O)([O-])OP(=O)([O-])[O-]>>C/C1=C2\C[C@@]3(C)CC[C@H](C(C)C)[C@@H]3C[C@H]2/C(C)=C2/CC[C@H](C)[C@@H]2CC1,marts_registered
MARTS_EXT_RXN_aaf62036b97e,CC(C)=CCCC(C)=CCCC(C)=CCCC=C(C)CCC=C(C)CCC1OC1(C)C>>C=C1CCC(O)C(C)(C)C1CCC(C)=CCCC1=C(C)CCC2(C)CCC(C)(C)CC12,CC(C)=CCC/C(C)=C/CC/C(C)=C/CC/C=C(\C)CC/C=C(\C)CC[C@@H]1OC1(C)C>>C=C1CC[C@H](O)C(C)(C)[C@@H]1CC/C(C)=C/CCC1=C(C)CC[C@@]2(C)CCC(C)(C)C[C@@H]12,marts_registered
MARTS_EXT_RXN_accbb7c49b47,CC(C)=CCCC(C)=CCCC(C)=CCCC(C)=CCOP(=O)([O-])OP(=O)([O-])[O-]>>C=C1CC2(C)CCCC3(C)CCC4C(C)CCC1C4C32,CC(C)=CCC/C(C)=C/CC/C(C)=C/CC/C(C)=C/COP(=O)([O-])OP(=O)([O-])[O-]>>C=C1C[C@@]2(C)CCC[C@@]3(C)CC[C@@H]4[C@H]([C@@H]32)[C@H]1CC[C@H]4C,marts_registered
MARTS_EXT_RXN_ad8e38949c9e,CC(C)=CCCC(C)=CCCC(C)=CCCC(C)=CCOP(=O)([O-])OP(=O)([O-])[O-]>>CC(C)=CCCC(C)=CCCC(C)C1=CCC(C)=CC1,CC(C)=CCC/C(C)=C/CC/C(C)=C/CC/C(C)=C/COP(=O)([O-])OP(=O)([O-])[O-]>>CC(C)=CCC/C(C)=C/CC[C@H](C)C1=CCC(C)=CC1,marts_registered
MARTS_EXT_RXN_aecc694cdc8f,CC(C)=CCCC(C)=CCCC(C)=CCCC=C(C)CCC=C(C)CCC1OC1(C)C>>CC1(C)CCC2(C)CC=C3C(C)(CCC4C3(C)CCC3C(C)(C)C(O)CCC43C)C2C1,CC(C)=CCC/C(C)=C/CC/C(C)=C/CC/C=C(\C)CC/C=C(\C)CC[C@@H]1OC1(C)C>>CC1(C)CC[C@]2(C)CC=C3[C@]4(C)CC[C@H]5C(C)(C)[C@@H](O)CC[C@]5(C)[C@H]4CC[C@@]3(C)[C@@H]2C1,marts_registered
MARTS_EXT_RXN_af6c10b22452,CC(C)=CCCC(C)=CCCC(C)=CCOP(=O)([O-])OP(=O)([O-])[O-]>>C=C1CCC2C(C)CCC3C(C12)C3(C)C,CC(C)=CCC/C(C)=C/CC/C(C)=C/COP(=O)([O-])OP(=O)([O-])[O-]>>C=C1CC[C@H]2[C@@H]1[C@H]1[C@@H](CC[C@H]2C)C1(C)C,marts_registered
MARTS_EXT_RXN_b099e0d8d67d,CC(C)=CCCC(C)=CCCC(C)=CCOP(=O)([O-])OP(=O)([O-])[O-]>>CC1=CCCC2(C)CCCC2(C)C(C)=C1,CC(C)=CCC/C(C)=C/CC/C(C)=C/COP(=O)([O-])OP(=O)([O-])[O-]>>CC1=CCCC2(C)CCCC2(C)C(C)=C1,marts_registered
MARTS_EXT_RXN_b1f6de0feffa,CC(C)=CCCC(C)=CCCC(C)=CCOP(=O)([O-])OP(=O)([O-])[O-]>>CC1(C)C2CCC3(C)CCCC3(C)C(O)C21,CC(C)=CCC/C(C)=C/CC/C(C)=C/COP(=O)([O-])OP(=O)([O-])[O-]>>CC1(C)[C@@H]2[C@H]1CC[C@]1(C)CCC[C@]1(C)[C@H]2O,marts_registered
MARTS_EXT_RXN_b3860010df2b,CC(C)=CCCC(C)=CCCC(C)=CCCC(C)=CCCC(C)=CCOP(=O)([O-])OP(=O)([O-])[O-]>>C=C1C2CCC3(C)C2CCC(C)C2CC4(C)CCC(C(C)C)C4CC123,CC(C)=CCC/C(C)=C/CC/C(C)=C/CC/C(C)=C/CC/C(C)=C/COP(=O)([O-])OP(=O)([O-])[O-]>>C=C1[C@@H]2CC[C@@]3(C)[C@@H]2CC[C@H](C)[C@H]2C[C@@]4(C)CC[C@@H](C(C)C)[C@@H]4C[C@@]123,marts_registered
MARTS_EXT_RXN_b3c865336ac3,CC(C)=CCCC(C)=CCCC(C)=CCCC(C)=CCOP(=O)([O-])OP(=O)([O-])[O-]>>CC(C)=CCCC(C)=CCCC(C)=CCCC(C)=CCO,CC(C)=CCC/C(C)=C/CC/C(C)=C/CC/C(C)=C/COP(=O)([O-])OP(=O)([O-])[O-]>>CC(C)=CCCC(C)=CCCC(C)=CCCC(C)=CCO,marts_registered
MARTS_EXT_RXN_b44a6383dd2a,CC(C)=CCCC(C)=CCCC(C)=CCOP(=O)([O-])OP(=O)([O-])[O-]>>CC1=CCC2(C(C)C)CCC(C)C23CC13,CC(C)=CCC/C(C)=C/CC/C(C)=C/COP(=O)([O-])OP(=O)([O-])[O-]>>CC1=CC[C@]2(C(C)C)CC[C@@H](C)[C@@]23C[C@@H]13,marts_registered
MARTS_EXT_RXN_b72409fe507d,CC(C)=CCCC(C)=CCCC(C)=CCCC(C)=CCCC(C)=CCOP(=O)([O-])OP(=O)([O-])[O-]>>CC1=CCCC(C)C12CCC(C)C1CC3(C)CCC(C(C)C)=C3CC12,CC(C)=CCC/C(C)=C/CC/C(C)=C/CC/C(C)=C/CC/C(C)=C/COP(=O)([O-])OP(=O)([O-])[O-]>>CC1=CCC[C@H](C)[C@@]12CC[C@H](C)[C@H]1C[C@@]3(C)CCC(C(C)C)=C3CC12,marts_registered
MARTS_EXT_RXN_b89583d7f0d9,CC(=CCOP(=O)([O-])OP(=O)([O-])[O-])CCCC(C)CCCC(C)CCCC(C)C>>CC(=CCCC=C(C)CCCC(C)CCCC(C)CCCC(C)C)CCCC(C)CCCC(C)CCCC(C)C,C/C(=C\COP(=O)([O-])OP(=O)([O-])[O-])CCC[C@H](C)CCC[C@H](C)CCCC(C)C>>C/C(=C\CC/C=C(\C)CCC[C@H](C)CCC[C@H](C)CCCC(C)C)CCC[C@H](C)CCC[C@H](C)CCCC(C)C,marts_registered
MARTS_EXT_RXN_bac5b3b4b30d,CC(C)=CCCC(C)=CCCC(C)=CCCC(C)=CCCC(C)=CCOP(=O)([O-])OP(=O)([O-])[O-]>>C=C1CCC2C3CCC2(C)C2(CC4C(C(C)C)CCC4(C)CC12)C3C,CC(C)=CCC/C(C)=C/CC/C(C)=C/CC/C(C)=C/CC/C(C)=C/COP(=O)([O-])OP(=O)([O-])[O-]>>C=C1CC[C@@H]2[C@H]3CC[C@]2(C)[C@]2(C[C@H]4[C@H](C(C)C)CC[C@]4(C)C[C@H]12)[C@H]3C,marts_registered
MARTS_EXT_RXN_bb0c8b67ae81,CC(C)=CCCC(C)=CCCC(C)=CCOP(=O)([O-])OP(=O)([O-])[O-]>>CC1=CC2C(C)(C)C3CCC(C)C23CC1,CC(C)=CCC/C(C)=C/CC/C(C)=C/COP(=O)([O-])OP(=O)([O-])[O-]>>CC1=C[C@@H]2C(C)(C)[C@H]3CC[C@@H](C)[C@@]23CC1,marts_registered
MARTS_EXT_RXN_be324f8633fc,CC(C)=CCCC(C)=CCCC(C)=CCCC(C)=CCOP(=O)([O-])OP(=O)([O-])[O-]>>C=C1CCC=C(C)CCC2C1CC1(C)CCC(C)(C)C21,CC(C)=CCC/C(C)=C/CC/C(C)=C/CC/C(C)=C/COP(=O)([O-])OP(=O)([O-])[O-]>>C=C1CC/C=C(\C)CC[C@@H]2C1C[C@@]1(C)CCC(C)(C)[C@@H]21,marts_registered
MARTS_EXT_RXN_be815318a50a,CC(C)=CCCC(C)=CCCC(C)=CCCC(C)=CCOP(=O)([O-])OP(=O)([O-])[O-]>>CC1=CC2C(C(C)C)CCC(C)(O)C2CCC(C)=CCC1,CC(C)=CCC/C(C)=C/CC/C(C)=C/CC/C(C)=C/COP(=O)([O-])OP(=O)([O-])[O-]>>C/C1=C/[C@@H]2[C@@H](C(C)C)CC[C@@](C)(O)[C@@H]2CC/C(C)=C/CC1,marts_registered
MARTS_EXT_RXN_bf12f5d59166,CC(C)=CCCC(C)=CCCC(C)=CCCC(C)=CCOP(=O)([O-])OP(=O)([O-])[O-]>>C=C(CCC=C(C)CCC=C(C)C)C1CC=C(C)CC1,CC(C)=CCC/C(C)=C\CC/C(C)=C\CC/C(C)=C\COP(=O)([O-])OP(=O)([O-])[O-]>>C=C(CC/C=C(/C)CCC=C(C)C)C1CC=C(C)CC1,marts_registered
MARTS_EXT_RXN_c0d41a7707a3,CC(C)=CCCC(C)=CCCC(C)=CCOP(=O)([O-])OP(=O)([O-])[O-]>>CC1=C2CC(C)(C)CC2C(C)CCC1CO,CC(C)=CCC/C(C)=C/CC/C(C)=C/COP(=O)([O-])OP(=O)([O-])[O-]>>CC1=C2CC(C)(C)C[C@@H]2[C@H](C)CC[C@H]1CO,marts_registered
MARTS_EXT_RXN_c29f1cca3044,CC(C)=CCCC(C)=CCCC(C)=CCCC(C)=CCOP(=O)([O-])OP(=O)([O-])[O-]>>C=C(C)C1CCC(C)C2CCC(C)=CCCC(C)=CC12,CC(C)=CCC/C(C)=C/CC/C(C)=C/CC/C(C)=C/COP(=O)([O-])OP(=O)([O-])[O-]>>C=C(C)[C@@H]1CC[C@H](C)[C@H]2CC/C(C)=C/CC/C(C)=C/[C@H]21,marts_registered
MARTS_EXT_RXN_c2e48d093662,CC(C)=CCCC(C)=CCOP(=O)([O-])OP(=O)([O-])[O-]>>C=C1CC=C(C(C)C)CC1,CC(C)=CCC/C(C)=C/COP(=O)([O-])OP(=O)([O-])[O-]>>C=C1CC=C(C(C)C)CC1,marts_registered
MARTS_EXT_RXN_c33f8bcece70,CC(C)=CCCC(C)=CCCC(C)=CCCC(C)=CCCC(C)=CCOP(=O)([O-])OP(=O)([O-])[O-]>>C=C1CCC2C(=C(C)C3CC4C(C(C)C)CCC4(C)CC13)CCC2C,CC(C)=CCC/C(C)=C/CC/C(C)=C/CC/C(C)=C/CC/C(C)=C/COP(=O)([O-])OP(=O)([O-])[O-]>>C=C1CC[C@@H]2C(=C(C)[C@H]3C[C@H]4[C@H](C(C)C)CC[C@]4(C)C[C@H]13)CC[C@@H]2C,marts_registered
MARTS_EXT_RXN_c38237fa511c,CC(C)=CCCC(C)=CCCC(C)=CCOP(=O)([O-])OP(=O)([O-])[O-]>>CC(C)=CCCC(C)=CCCC(C)=CC=CC=C(C)CCC=C(C)CCC=C(C)C,CC(C)=CCC/C(C)=C/CC/C(C)=C/COP(=O)([O-])OP(=O)([O-])[O-]>>CC(C)=CCC/C(C)=C/CC/C(C)=C/C=C\C=C(/C)CC/C=C(\C)CCC=C(C)C,marts_registered
MARTS_EXT_RXN_c47716e3c171,CC(C)=CCCC(C)=CCCC(C)=CCOP(=O)([O-])OP(=O)([O-])[O-]>>CC(C)C1=CC2=C(CCC2C)C(C)CC1,CC(C)=CCC/C(C)=C/CC/C(C)=C/COP(=O)([O-])OP(=O)([O-])[O-]>>CC(C)C1=CC2=C(CC[C@@H]2C)[C@@H](C)CC1,marts_registered
MARTS_EXT_RXN_c4cfcdfee60d,CC(=CCOP(=O)([O-])OP(=O)([O-])[O-])CCC1(C)C(C)=C(C)C(C)C1C>>C=C1C(C)C2(C)C(C)=C(C)C(C)(C1C)C2C,CC1=C(C)[C@@](C)(CC/C(C)=C/COP(=O)([O-])OP(=O)([O-])[O-])[C@H](C)[C@H]1C>>C=C1[C@@H](C)[C@]2(C)C(C)=C(C)[C@@](C)([C@H]2C)[C@H]1C,marts_registered
MARTS_EXT_RXN_c7f62ba677ae,CC(C)=CCCC(C)=CCCC(C)=CCCC(C)=CCOP(=O)([O-])OP(=O)([O-])[O-]>>C=C1CCC=C(C)CCC(C)(CCC=C(C)C)C2CC12,CC(C)=CCC/C(C)=C/CC/C(C)=C/CC/C(C)=C/COP(=O)([O-])OP(=O)([O-])[O-]>>C=C1CC/C=C(\C)CC[C@@](C)(CCC=C(C)C)[C@@H]2C[C@@H]12,marts_registered
MARTS_EXT_RXN_c82f9ce748cd,CC(C)=CCCC(C)=CCCC(C)=CCCC(C)=CCCC(C)=CCOP(=O)([O-])OP(=O)([O-])[O-]>>CC1=CCC2C(C(C)C)CCC2(C)CC=C(C)CCC=C(C)CC=C1,CC(C)=CCC/C(C)=C/CC/C(C)=C/CC/C(C)=C/CC/C(C)=C/COP(=O)([O-])OP(=O)([O-])[O-]>>CC1=CCC2[C@H](C(C)C)CC[C@@]2(C)CC=C(C)CCC=C(C)CC=C1,marts_registered
MARTS_EXT_RXN_c9b279de0442,CC(C)=CCCC(C)=CCCC(C)=CCCC(C)=CCCC(C)=CCOP(=O)([O-])OP(=O)([O-])[O-]>>CC(C)=CCCC(C)=CCCC(C)=CCCC(C)=CCCC(C)=CCO,CC(C)=CCC/C(C)=C/CC/C(C)=C/CC/C(C)=C/CC/C(C)=C/COP(=O)([O-])OP(=O)([O-])[O-]>>CC(C)=CCC/C(C)=C/CC/C(C)=C/CC/C(C)=C/CC/C(C)=C/CO,marts_registered
MARTS_EXT_RXN_cab46dc67f5d,CC(C)=CCCC(C)=CCOP(=O)([O-])OP(=O)([O-])[O-]>>CC=C(C)C=CC=C(C)C,CC(C)=CCC/C(C)=C/COP(=O)([O-])OP(=O)([O-])[O-]>>C/C=C(C)/C=C/C=C(C)C,marts_registered
MARTS_EXT_RXN_cda281fba2bd,CC(C)=CCCC(C)=CCCC(C)=CCCC(C)=CCOP(=O)([O-])OP(=O)([O-])[O-]>>C=C(CCC=C(C)C)C1CCC2(C)CCCC(=C)C2C1,CC(C)=CCC/C(C)=C/CC/C(C)=C/CC/C(C)=C/COP(=O)([O-])OP(=O)([O-])[O-]>>C=C(CCC=C(C)C)[C@H]1CC[C@]2(C)CCCC(=C)[C@H]2C1,marts_registered
MARTS_EXT_RXN_cded9fefc276,CC(C)=CCCC(C)=CCCC(C)=CCOP(=O)([O-])OP(=O)([O-])[O-]>>CC1=CCC2C(C3C(C)CCC13)C2(C)C,CC(C)=CCC/C(C)=C/CC/C(C)=C/COP(=O)([O-])OP(=O)([O-])[O-]>>CC1=CC[C@H]2[C@@H]([C@H]3C(C)CC[C@@H]13)C2(C)C,marts_registered
MARTS_EXT_RXN_cffca17c4e58,CC(C)=CCCC(C)=CCCC(C)=CCOP(=O)([O-])OP(=O)([O-])[O-]>>CC(C)=CCCC(C)C1=CCC(C)=CC1,CC(C)=CCC/C(C)=C/CC/C(C)=C/COP(=O)([O-])OP(=O)([O-])[O-]>>CC(C)=CCC[C@@H](C)C1=CCC(C)=CC1,marts_registered
MARTS_EXT_RXN_d0c235775bc5,CC(C)=CCCC(C)=CCCC(C)=CCOP(=O)([O-])OP(=O)([O-])[O-]>>CC1=CCC2(CC1)C(C)=CCCC2(C)C,CC(C)=CCC/C(C)=C/CC/C(C)=C/COP(=O)([O-])OP(=O)([O-])[O-]>>CC1=CC[C@@]2(CC1)C(C)=CCCC2(C)C,marts_registered
MARTS_EXT_RXN_d147768eaf20,CC(C)=CCCC(C)=CCCC(C)=CCOP(=O)([O-])OP(=O)([O-])[O-]>>CC1=CCC2C(=C1)C(C)(C)CCCC2C,CC(C)=CCC/C(C)=C/CC/C(C)=C\COP(=O)([O-])OP(=O)([O-])[O-]>>CC1=CC[C@@H]2C(=C1)C(C)(C)CCC[C@H]2C,marts_registered
MARTS_EXT_RXN_d1d507ef878d,CC(C)=CCCC(C)=CCCC(C)=CCCC(C)=CCOP(=O)([O-])OP(=O)([O-])[O-]>>C=C1C=CC(C(C)CCC=C(C)CCC=C(C)C)CC1,CC(C)=CCC/C(C)=C/CC/C(C)=C/CC/C(C)=C/COP(=O)([O-])OP(=O)([O-])[O-]>>C=C1C=CC(C(C)CC/C=C(\C)CCC=C(C)C)CC1,marts_registered
MARTS_EXT_RXN_d4bafc235050,CC(C)=CCCC(C)=CCCC(C)=CCCC(C)=CCOP(=O)([O-])OP(=O)([O-])[O-]>>CC1=CCC2C(C(C)C)CCC2(C)CC2=C1CCC2C,CC(C)=CCC/C(C)=C/CC/C(C)=C/CC/C(C)=C/COP(=O)([O-])OP(=O)([O-])[O-]>>CC1=CC[C@H]2[C@H](C(C)C)CC[C@]2(C)CC2=C1CC[C@H]2C,marts_registered
MARTS_EXT_RXN_d4f733465fb3,CC(C)=CCCC(C)=CCCC(C)=CCOP(=O)([O-])OP(=O)([O-])[O-]>>C=CC1(C)CCC2C(C1C(=C)C)C2(C)C,CC(C)=CCC/C(C)=C/CC/C(C)=C/COP(=O)([O-])OP(=O)([O-])[O-]>>C=C[C@]1(C)CC[C@@H]2[C@H]([C@@H]1C(=C)C)C2(C)C,marts_registered
MARTS_EXT_RXN_d86b1fdbc72d,CC(C)=CCCC(C)=CCCC(C)=CCOP(=O)([O-])OP(=O)([O-])[O-]>>CC1=CCCC(C)(O)C=CC(C(C)C)CC1,CC(C)=CCC/C(C)=C/CC/C(C)=C/COP(=O)([O-])OP(=O)([O-])[O-]>>CC1=CCCC(C)(O)C=CC(C(C)C)CC1,marts_registered
MARTS_EXT_RXN_d91651d1ef35,CC(C)=CCCC(C)=CCCC(C)=CCCC(C)=CCCC(C)=CCOP(=O)([O-])OP(=O)([O-])[O-]>>CC1=C2CCC(C)C2CCC(C)C2=CC3(C)CCC(C(C)C)C3CC21,CC(C)=CCC/C(C)=C/CC/C(C)=C/CC/C(C)=C/CC/C(C)=C/COP(=O)([O-])OP(=O)([O-])[O-]>>CC1=C2CC[C@H](C)[C@@H]2CC[C@@H](C)C2=C[C@@]3(C)CC[C@@H](C(C)C)[C@@H]3C[C@@H]21,marts_registered
MARTS_EXT_RXN_dbc26311dec1,C=C1CCC2C(C)(C)CCCC2(C)C1CCC(C)=CCOP(=O)([O-])OP(=O)([O-])[O-]>>CC1(C)CCCC2(C)C1CCC1CC3CC12CCC3(C)O,C=C1CC[C@H]2C(C)(C)CCC[C@]2(C)[C@@H]1CC/C(C)=C/COP(=O)([O-])OP(=O)([O-])[O-]>>CC1(C)CCC[C@@]2(C)[C@H]1CC[C@H]1C[C@@H]3C[C@@]12CC[C@@]3(C)O,marts_registered
MARTS_EXT_RXN_dd89a5b3606f,CC(C)=CCCC(C)=CCOP(=O)([O-])OP(=O)([O-])[O-]>>CC1=CCC(C(C)(C)O)CC1,CC(C)=CCC/C(C)=C/COP(=O)([O-])OP(=O)([O-])[O-]>>CC1=CC[C@@H](C(C)(C)O)CC1,marts_registered
MARTS_EXT_RXN_de164cb3f0e1,CC(C)=CCCC(C)=CCCC(C)=CCCC(C)=CC1C(COP(=O)(O)OP(=O)(O)O)C1(C)CCC=C(C)CCC=C(C)CCC=C(C)C>>CC(C)=CCCC(C)=CCCC(C)=CCCC(C)=CC=CC=C(C)CCC=C(C)CCC=C(C)CCC=C(C)C,CC(C)=CCC/C(C)=C/CC/C(C)=C/CC/C(C)=C/C1C(COP(=O)(O)OP(=O)(O)O)C1(C)CC/C=C(\C)CC/C=C(\C)CCC=C(C)C>>CC(C)=CCC/C(C)=C/CC/C(C)=C/CC/C(C)=C/C=C\C=C(/C)CC/C=C(\C)CC/C=C(\C)CCC=C(C)C,marts_registered
MARTS_EXT_RXN_df06835b65dd,CC(C)=CCCC(C)=CCCC(C)=CC1C(COP(=O)([O-])OP(=O)([O-])[O-])C1(C)CCC=C(C)CCC=C(C)C>>C=CC(C)(C=CC(C)CCC=C(C)CCC=C(C)C)CCC=C(C)CCC=C(C)C,CC(C)=CCC/C(C)=C/CC/C(C)=C/[C@H]1[C@H](COP(=O)([O-])OP(=O)([O-])[O-])[C@@]1(C)CC/C=C(\C)CCC=C(C)C>>C=C[C@@](C)(/C=C/[C@H](C)CC/C=C(\C)CCC=C(C)C)CC/C=C(\C)CCC=C(C)C,marts_registered
MARTS_EXT_RXN_df3107f9c103,CC(C)=CCCC(C)=CCCC(C)=CCCC(C)=CCOP(=O)([O-])OP(=O)([O-])[O-]>>C=C(C)C1CCC(C)C2CCC(=C)C3CCC3(C)CC12,CC(C)=CCC/C(C)=C/CC/C(C)=C/CC/C(C)=C/COP(=O)([O-])OP(=O)([O-])[O-]>>C=C(C)C1CCC(C)C2CCC(=C)C3CCC3(C)CC12,marts_registered
MARTS_EXT_RXN_e056c9e6d498,CC(C)=CCCC(C)=CCCC(C)=CCCC(C)=CCOP(=O)([O-])OP(=O)([O-])[O-]>>CC1=CCC2(C)C(CCC2C(C)C)CC2C1=CCC2C,CC(C)=CCC/C(C)=C/CC/C(C)=C/CC/C(C)=C/COP(=O)([O-])OP(=O)([O-])[O-]>>C/C1=C/C[C@@]2(C)[C@@H](CC[C@@H]2C(C)C)C[C@H]2C1=CC[C@H]2C,marts_registered
MARTS_EXT_RXN_e266d387018a,CC(C)=CCCC(C)=CCCC(C)=CCCC(C)=CCOP(=O)([O-])OP(=O)([O-])[O-]>>CC(C)C1CCC23C4C(O)C(C)CCC42C(C)CCC13C,CC(C)=CCC/C(C)=C/CC/C(C)=C/CC/C(C)=C/COP(=O)([O-])OP(=O)([O-])[O-]>>CC(C)[C@@H]1CC[C@@]23[C@H]4[C@H](O)[C@@H](C)CC[C@]42[C@H](C)CC[C@@]13C,marts_registered
MARTS_EXT_RXN_e275424c414b,CC(C)=CCCC(C)=CCOP(=O)([O-])OP(=O)([O-])[O-]>>CC1=CC=C(C(C)C)CC1,CC(C)=CCC/C(C)=C/COP(=O)([O-])OP(=O)([O-])[O-]>>CC1=CC=C(C(C)C)CC1,marts_registered
MARTS_EXT_RXN_e71ff45cbd78,CC(C)=CCCC(C)=CCCC(C)=CCCC(C)=CCOP(=O)([O-])OP(=O)([O-])[O-]>>CC1=CC2C(C(C)C)CCC(C)C23CCC(C)C3=CC1,CC(C)=CCC/C(C)=C/CC/C(C)=C/CC/C(C)=C/COP(=O)([O-])OP(=O)([O-])[O-]>>CC1=C[C@@H]2[C@H](C(C)C)CC[C@@H](C)[C@@]23CC[C@H](C)C3=CC1,marts_registered
MARTS_EXT_RXN_e7770b1f70c7,CC(C)=CCCC(C)=CC=CC(C)=CC=CC(C)=CC=CC=C(C)C=CC=C(C)C=CC=C(C)CCC=C(C)C>>CC(C)=CCCC(C)=CC=CC(C)=CC=CC(C)=CC=CC=C(C)C=CC=C(C)C=CC1=C(C)CCCC1(C)C,CC(C)=CCC/C(C)=C/C=C/C(C)=C/C=C/C(C)=C/C=C/C=C(C)/C=C/C=C(C)/C=C/C=C(\C)CCC=C(C)C>>CC(C)=CCC/C(C)=C/C=C/C(C)=C/C=C/C(C)=C/C=C/C=C(C)/C=C/C=C(C)/C=C/C1=C(C)CCCC1(C)C,marts_registered
MARTS_EXT_RXN_e778d2d951ff,CC(C)=CCCC(C)=CCCC(C)=CCCC(C)=CCOP(=O)([O-])OP(=O)([O-])[O-]>>C=C(C)C12CCCC1C(C)(CCC(C)=CCOP(=O)([O-])OP(=O)([O-])[O-])C(C)CC2,CC(C)=CCC/C(C)=C/CC/C(C)=C/CC/C(C)=C/COP(=O)([O-])OP(=O)([O-])[O-]>>C=C(C)[C@]12CCCC1[C@](C)(CC/C(C)=C/COP(=O)([O-])OP(=O)([O-])[O-])[C@H](C)CC2,marts_registered
MARTS_EXT_RXN_e9ed9dc21c00,CC(C)=CCCC(C)=CCCC(C)=CCCC(C)=CCOP(=O)([O-])OP(=O)([O-])[O-]>>CC(=CCOP(=O)([O-])OP(=O)([O-])[O-])CCC1=C(C)CCC2C(C)(C)CCCC12C,CC(C)=CCC/C(C)=C/CC/C(C)=C/CC/C(C)=C/COP(=O)([O-])OP(=O)([O-])[O-]>>CC1=C(CC/C(C)=C/COP(=O)([O-])OP(=O)([O-])[O-])[C@@]2(C)CCCC(C)(C)C2CC1,marts_registered
MARTS_EXT_RXN_eba646fdd070,CC(C)=CCCC(C)=CCCC(C)=CCCC(C)=CCOP(=O)([O-])OP(=O)([O-])[O-]>>CC1=CCC2(C)CC=C(C(C)C)C2CCC(C)=CCC1,CC(C)=CCC/C(C)=C/CC/C(C)=C/CC/C(C)=C/COP(=O)([O-])OP(=O)([O-])[O-]>>C/C1=C\C[C@@]2(C)CC=C(C(C)C)[C@@H]2CC/C(C)=C/CC1,marts_registered
MARTS_EXT_RXN_ecb0de88d8e0,CC(C)=CCCC(C)=CCCC(C)=CCCC(C)=CCCC(C)=CCOP(=O)([O-])OP(=O)([O-])[O-]>>CC1=CCC2(C)CCC(C(C)C)C2CC=C(C)C(O)CCC(C)=CCC1,CC(C)=CCC/C(C)=C/CC/C(C)=C/CC/C(C)=C/CC/C(C)=C/COP(=O)([O-])OP(=O)([O-])[O-]>>C/C1=C\C[C@]2(C)CC[C@@H](C(C)C)[C@H]2C/C=C(\C)[C@@H](O)CC/C(C)=C/CC1,marts_registered
MARTS_EXT_RXN_ed3cf125a033,CC(C)=CCCC(C)=CCCC(C)=CCOP(=O)([O-])OP(=O)([O-])[O-]>>CC1CCC2C1C1C(CCC2(C)O)C1(C)C,CC(C)=CCC/C(C)=C/CC/C(C)=C/COP(=O)([O-])OP(=O)([O-])[O-]>>C[C@@H]1CC[C@H]2[C@@H]1[C@H]1[C@@H](CC[C@]2(C)O)C1(C)C,marts_registered
MARTS_EXT_RXN_ed65fc0ae861,CC(C)=CCCC(C)=CCCC(C)=CCOP(=O)([O-])OP(=O)([O-])[O-]>>C=C(C)C1CCC(C)=C2CCC(C)C2C1,CC(C)=CCC/C(C)=C/CC/C(C)=C/COP(=O)([O-])OP(=O)([O-])[O-]>>C=C(C)[C@@H]1CCC(C)=C2CC[C@H](C)[C@@H]2C1,marts_registered
MARTS_EXT_RXN_eddada43cb76,CC(C)=CCCC(C)=CCCC(C)=CCCC(C)=CCCC(C)=CCOP(=O)([O-])OP(=O)([O-])[O-]>>C=C1C2(C)CCCC13CC1(C)CCC4(C)CCC(C(C)C)C4C1C3C2,CC(C)=CCC/C(C)=C/CC/C(C)=C/CC/C(C)=C/CC/C(C)=C/COP(=O)([O-])OP(=O)([O-])[O-]>>C=C1C2(C)CCCC13C[C@@]1(C)CC[C@]4(C)CC[C@H](C(C)C)[C@H]4[C@@H]1[C@H]3C2,marts_registered
MARTS_EXT_RXN_eec1da2d1706,CC(C)=CCCC(C)=CCCC(C)=CCCC(C)=CCCC(C)=CCOP(=O)([O-])OP(=O)([O-])[O-]>>CC1=CCC2(C)CCC(C(C)C)C2CC=C(C)C2CCC(C)=C2CC1,CC(C)=CCC/C(C)=C/CC/C(C)=C/CC/C(C)=C/CC/C(C)=C/COP(=O)([O-])OP(=O)([O-])[O-]>>CC1=C2CC/C(C)=C/C[C@@]3(C)CC[C@@H](C(C)C)[C@@H]3C/C=C(\C)[C@@H]2CC1,marts_registered
MARTS_EXT_RXN_efd2739d909f,CC(C)=CCCC(C)=CCCC(C)=CCCC(C)=CCOP(=O)([O-])OP(=O)([O-])[O-]>>C=C(C)C1CCC2(C)CC=C(C)CCC=C(C)CC=C12,CC(C)=CCC/C(C)=C/CC/C(C)=C/CC/C(C)=C/COP(=O)([O-])OP(=O)([O-])[O-]>>C=C(C)[C@@H]1CC[C@@]2(C)CC=C(C)CCC=C(C)C/C=C\12,marts_registered
MARTS_EXT_RXN_f0fe69f8e0b7,CC(C)=CCCC(C)=CCCC(C)=CCCC(C)=CCOP(=O)([O-])OP(=O)([O-])[O-]>>CC1=CCC2C(C(C)(C)O)CCC2(C)CCC(C)=CCC1,CC(C)=CCC/C(C)=C/CC/C(C)=C/CC/C(C)=C/COP(=O)([O-])OP(=O)([O-])[O-]>>C/C1=C\C[C@H]2[C@H](C(C)(C)O)CC[C@]2(C)CC/C(C)=C/CC1,marts_registered
MARTS_EXT_RXN_f12698751b7a,CC(C)=CCCC(C)=CCCC(C)=CCCC(C)=CCCC(C)=CCOP(=O)([O-])OP(=O)([O-])[O-]>>CC1=C2CC3(C)CCC(C(C)C)C3CC2=C(C)C2CCC(C)C2CC1,CC(C)=CCC/C(C)=C/CC/C(C)=C/CC/C(C)=C/CC/C(C)=C/COP(=O)([O-])OP(=O)([O-])[O-]>>C/C1=C2\C[C@@]3(C)CC[C@H](C(C)C)[C@@H]3C\C2=C(/C)[C@@H]2CC[C@H](C)[C@H]2CC1,marts_registered
MARTS_EXT_RXN_f5414ceb0f1f,CC(C)=CCCC(C)=CCCC(C)=CCCC(C)=CCOP(=O)([O-])OP(=O)([O-])[O-]>>CC(C)=C1CCC(C)C2CCC(C)C3=C(C(C)CC3)C12,CC(C)=CCC/C(C)=C/CC/C(C)=C/CC/C(C)=C/COP(=O)([O-])OP(=O)([O-])[O-]>>CC(C)=C1CCC(C)[C@H]2CCC(C)C3=C(C(C)CC3)[C@@H]12,marts_registered
MARTS_EXT_RXN_f7cc3793e8fe,CC(C)=CCCC(C)=CCCC(C)=CCCC(C)=CCOP(=O)([O-])OP(=O)([O-])[O-]>>C=CC(=C)CCC=C(C)CCC=C(C)CCC=C(C)C,CC(C)=CCC/C(C)=C/CC/C(C)=C/CC/C(C)=C/COP(=O)([O-])OP(=O)([O-])[O-]>>C=CC(=C)CC/C=C(\C)CC/C=C(\C)CCC=C(C)C,marts_registered
MARTS_EXT_RXN_fa03c166bbd7,CC(C)=CCCC(C)=CCCC(C)=CCCC(C)=CCOP(=O)([O-])OP(=O)([O-])[O-]>>CC(C)=C1CCC(C)C2CCC3(C)C(O)CCC(C)C3C12,CC(C)=CCC/C(C)=C/CC/C(C)=C/CC/C(C)=C/COP(=O)([O-])OP(=O)([O-])[O-]>>CC(C)=C1CCC(C)[C@H]2CC[C@]3(C)[C@@H]([C@@H]12)[C@H](C)CC[C@H]3O,marts_registered
MARTS_EXT_RXN_fa0e122a530f,CC(C)=CCCC(C)=CCCC(C)=CCCC(C)=CCCC(C)=CCOP(=O)([O-])OP(=O)([O-])[O-]>>CC(C)C1CCC2(C)CCC3(C)CC4C(CC5(C)C6CC6C45C)C3C12,CC(C)=CCC/C(C)=C/CC/C(C)=C/CC/C(C)=C/CC/C(C)=C/COP(=O)([O-])OP(=O)([O-])[O-]>>CC(C)[C@H]1CC[C@@]2(C)CC[C@]3(C)C[C@H]4[C@H](C[C@]5(C)[C@H]6C[C@H]6[C@]45C)[C@H]3[C@H]12,marts_registered
MARTS_EXT_RXN_faf8834b256f,CC(C)=CCCC(C)=CCCC(C)=CCOP(=O)([O-])OP(=O)([O-])[O-]>>CC1=CCC2C3C1C2(C)CCCC3(C)C,CC(C)=CCC/C(C)=C/CC/C(C)=C/COP(=O)([O-])OP(=O)([O-])[O-]>>CC1=CC[C@@H]2[C@@H]3[C@H]1[C@@]2(C)CCCC3(C)C,marts_registered
MARTS_EXT_RXN_fb686c0d23a3,CC(C)=CCCC(C)=CCCC(C)=CCCC(C)=CCOP(=O)([O-])OP(=O)([O-])[O-]>>CC1=CCCC(C)(O)C=CC(C(C)C)CCC(C)=CCC1,CC(C)=CCC/C(C)=C/CC/C(C)=C/CC/C(C)=C/COP(=O)([O-])OP(=O)([O-])[O-]>>C/C1=C\CC[C@@](C)(O)/C=C/C(C(C)C)CC/C(C)=C/CC1,marts_registered
MARTS_EXT_RXN_fc09735a9f8b,CC(C)=CCCC(C)=CCOP(=O)([O-])OP(=O)([O-])[O-]>>CC1=CCC2(C(C)C)CC12,CC(C)=CCC/C(C)=C/COP(=O)([O-])OP(=O)([O-])[O-]>>CC1=CCC2(C(C)C)CC12,marts_registered
MARTS_EXT_RXN_fd49ae10b01d,CC(C)=CCCC(C)=CCCC(C)=CCCC(C)=CCOP(=O)([O-])OP(=O)([O-])[O-]>>C=C(CCC=C(C)C)C1CCC2(C)C3CCC(C)C3C12,CC(C)=CCC/C(C)=C/CC/C(C)=C/CC/C(C)=C/COP(=O)([O-])OP(=O)([O-])[O-]>>C=C(CCC=C(C)C)[C@H]1CC[C@]2(C)[C@H]1[C@@H]1[C@H]2CC[C@@H]1C,marts_registered
